Date,Gold,Silver,Copper,Aluminium,Arabic Coffee,Cotton,Corn,Soybean,White Sugar,Live Cattle,Brent,WTI,Nat Gas,HO,RBOB
2023-02-09 00:00:00-05:00,1866.2,22.1,4.11,2487.5,173.65,85.5,670.75,1519.25,21.45,160.82,84.5,78.06,2.43,2.82,2.45
2023-02-10 00:00:00-05:00,1862.8,22.03,4.03,2429.0,174.75,85.27,680.5,1542.5,21.58,161.2,86.39,79.72,2.51,2.86,2.5
2023-02-13 00:00:00-05:00,1851.9,21.82,4.09,2389.0,177.05,85.64,685.0,1542.75,21.2,162.27,86.61,80.14,2.4,2.91,2.53
2023-02-14 00:00:00-05:00,1854.0,21.84,4.11,2381.0,183.55,85.4,682.25,1537.5,21.57,162.15,85.58,79.06,2.57,2.94,2.49
2023-02-15 00:00:00-05:00,1834.2,21.55,4.05,2354.75,176.85,82.55,676.25,1525.75,21.38,162.55,85.38,78.59,2.47,2.84,2.5
2023-02-16 00:00:00-05:00,1842.0,21.68,4.17,2362.5,180.7,81.25,676.0,1526.5,21.45,162.77,85.14,78.49,2.39,2.81,2.44
2023-02-17 00:00:00-05:00,1840.4,21.69,4.11,2343.75,188.7,80.25,677.75,1527.25,21.41,163.57,83.0,76.34,2.28,2.71,2.41
2023-02-21 00:00:00-05:00,1833.0,21.87,4.23,2411.5,194.45,80.92,680.5,1548.75,21.33,164.75,83.05,76.16,2.07,2.79,2.42
2023-02-22 00:00:00-05:00,1832.0,21.66,4.2,2361.5,199.5,82.25,674.0,1539.5,21.29,164.9,80.6,73.95,2.17,2.71,2.34
2023-02-23 00:00:00-05:00,1818.0,21.3,4.07,2339.75,193.65,82.41,660.25,1534.25,21.58,165.15,82.21,75.39,2.31,2.71,2.38
2023-02-24 00:00:00-05:00,1808.8,20.81,3.95,2294.5,191.2,85.13,650.0,1529.0,21.28,165.2,83.16,76.32,2.45,2.8,2.36
2023-02-27 00:00:00-05:00,1817.0,20.67,4.01,2327.0,190.7,85.0,642.75,1518.25,22.09,165.0,82.45,75.68,2.73,2.82,2.37
2023-02-28 00:00:00-05:00,1828.9,20.96,4.1,2323.5,190.4,84.19,629.5,1490.5,22.08,167.5,83.89,77.05,2.75,2.82,2.43
2023-03-01 00:00:00-05:00,1837.7,20.96,4.17,2379.25,185.3,84.57,640.5,1504.25,20.57,165.12,84.31,77.69,2.81,2.87,2.67
2023-03-02 00:00:00-05:00,1833.5,20.77,4.08,2367.25,183.95,82.85,637.75,1519.75,20.31,164.1,84.75,78.16,2.77,2.87,2.7
2023-03-03 00:00:00-05:00,1847.7,21.09,4.08,2369.75,180.8,84.37,645.25,1530.5,20.92,165.43,85.83,79.68,3.01,2.91,2.75
2023-03-06 00:00:00-05:00,1847.9,20.98,4.1,2368.75,182.45,84.86,644.5,1541.0,20.87,166.1,86.18,80.46,2.57,2.89,2.8
2023-03-07 00:00:00-05:00,1813.9,20.05,3.99,2328.75,184.55,82.89,642.0,1525.25,21.02,165.98,83.29,77.58,2.69,2.8,2.7
2023-03-08 00:00:00-05:00,1812.7,20.0,4.04,2327.5,179.55,82.74,634.5,1526.75,20.88,165.45,82.66,76.66,2.55,2.74,2.69
2023-03-09 00:00:00-05:00,1829.3,20.02,4.05,2306.0,178.0,82.3,618.5,1520.0,21.15,164.8,81.59,75.72,2.54,2.67,2.61
2023-03-10 00:00:00-05:00,1862.0,20.38,4.05,2291.75,182.25,78.18,624.25,1513.0,21.16,164.27,82.78,76.68,2.43,2.77,2.65
2023-03-13 00:00:00-04:00,1911.7,21.79,4.07,2299.5,183.2,81.18,624.5,1500.0,20.8,163.55,80.77,74.8,2.61,2.76,2.59
2023-03-14 00:00:00-04:00,1906.2,21.93,4.01,2316.75,180.9,81.37,627.5,1499.75,20.68,163.05,77.45,71.33,2.57,2.71,2.55
2023-03-15 00:00:00-04:00,1926.6,21.77,3.86,2242.5,178.05,79.11,626.5,1489.25,20.5,161.55,73.69,67.61,2.44,2.6,2.44
2023-03-16 00:00:00-04:00,1919.0,21.59,3.89,2233.25,185.5,79.16,632.75,1491.5,20.76,162.35,74.7,68.35,2.51,2.64,2.5
2023-03-17 00:00:00-04:00,1969.8,22.35,3.91,2229.25,183.0,77.83,634.25,1476.5,20.67,162.32,72.97,66.74,2.34,2.68,2.5
2023-03-20 00:00:00-04:00,1979.2,22.53,3.98,2240.5,184.9,77.22,633.0,1486.0,20.48,162.02,73.79,67.64,2.22,2.69,2.54
2023-03-21 00:00:00-04:00,1938.0,22.32,4.02,2243.75,186.7,77.85,630.0,1467.0,20.8,162.43,75.32,69.33,2.35,2.69,2.54
2023-03-22 00:00:00-04:00,1946.8,22.67,4.07,2266.25,178.0,78.28,633.5,1448.5,21.14,162.3,76.69,70.9,2.17,2.74,2.59
2023-03-23 00:00:00-04:00,1993.8,23.14,4.15,2298.5,174.3,77.58,631.75,1419.5,20.89,162.15,75.91,69.96,2.15,2.68,2.61
2023-03-24 00:00:00-04:00,1982.1,23.25,4.1,2308.0,179.25,76.54,643.0,1428.25,20.82,163.0,74.99,69.26,2.22,2.7,2.59
2023-03-27 00:00:00-04:00,1952.4,23.05,4.1,2341.75,176.9,79.52,648.25,1442.25,20.93,164.9,78.12,72.81,2.09,2.77,2.68
2023-03-28 00:00:00-04:00,1972.4,23.32,4.11,2370.25,173.75,82.52,647.25,1467.75,21.31,164.95,78.65,73.2,2.03,2.77,2.71
2023-03-29 00:00:00-04:00,1966.1,23.38,4.11,2360.0,169.7,82.76,650.5,1477.25,21.25,165.82,78.28,72.97,1.99,2.66,2.67
2023-03-30 00:00:00-04:00,1980.3,23.9,4.09,2363.5,169.8,83.5,649.5,1474.5,21.96,167.55,79.27,74.37,2.1,2.62,2.66
2023-03-31 00:00:00-04:00,1969.0,24.08,4.1,2383.75,170.5,82.78,660.5,1505.5,22.25,168.35,79.77,75.67,2.22,2.68,2.7
2023-04-03 00:00:00-04:00,1983.9,23.94,4.06,2378.75,176.25,82.38,657.75,1522.0,22.4,168.12,84.93,80.42,2.1,2.66,2.76
2023-04-04 00:00:00-04:00,2022.2,25.02,3.98,2348.25,174.85,81.05,653.75,1517.5,22.47,167.6,84.94,80.71,2.11,2.67,2.74
2023-04-05 00:00:00-04:00,2020.9,24.96,4.0,2315.5,180.15,81.07,652.75,1511.0,22.95,168.4,84.99,80.61,2.15,2.73,2.82
2023-04-06 00:00:00-04:00,2011.9,25.02,4.03,2325.0,183.6,83.2,643.5,1492.5,23.61,171.07,85.12,80.7,2.01,2.66,2.81
2023-04-10 00:00:00-04:00,1989.1,24.85,3.99,2324.75,182.6,82.45,654.0,1487.25,23.56,171.38,84.18,79.74,2.17,2.68,2.81
2023-04-11 00:00:00-04:00,2004.8,25.13,4.02,2295.25,190.5,82.75,651.0,1497.25,24.37,172.3,85.61,81.53,2.19,2.67,2.87
2023-04-12 00:00:00-04:00,2010.9,25.4,4.08,2316.0,190.25,82.45,656.0,1504.25,24.05,174.27,87.33,83.26,2.09,2.7,2.87
2023-04-13 00:00:00-04:00,2041.3,25.87,4.12,2365.75,196.1,83.35,652.25,1501.0,24.04,175.5,86.09,82.16,2.01,2.67,2.83
2023-04-14 00:00:00-04:00,2002.2,25.42,4.11,2379.0,193.4,82.86,666.25,1500.5,24.1,174.75,86.31,82.52,2.11,2.64,2.84
2023-04-17 00:00:00-04:00,1994.2,25.05,4.07,2377.75,201.0,83.3,676.5,1517.0,24.44,175.75,84.76,80.83,2.28,2.61,2.77
2023-04-18 00:00:00-04:00,2007.4,25.25,4.09,2428.75,205.25,84.55,677.5,1519.25,24.54,176.48,84.77,80.86,2.37,2.6,2.75
2023-04-19 00:00:00-04:00,1995.2,25.37,4.07,2442.5,202.55,83.24,672.25,1506.5,24.37,175.43,83.12,79.16,2.22,2.56,2.65
2023-04-20 00:00:00-04:00,2007.6,25.37,4.02,2422.25,195.9,79.24,663.75,1497.5,25.25,174.1,81.1,77.29,2.25,2.49,2.59
2023-04-21 00:00:00-04:00,1979.5,25.05,3.98,2386.75,194.2,78.41,663.25,1483.5,24.83,173.98,81.66,77.87,2.23,2.49,2.6
2023-04-24 00:00:00-04:00,1989.1,25.31,3.95,2375.25,196.75,78.98,651.25,1465.25,25.91,174.3,82.73,78.76,2.27,2.53,2.63
2023-04-25 00:00:00-04:00,1994.0,24.88,3.85,2329.25,192.45,77.0,646.5,1445.25,26.65,174.3,80.77,77.07,2.31,2.45,2.59
2023-04-26 00:00:00-04:00,1985.7,24.87,3.85,2318.5,195.85,76.51,641.5,1436.0,26.51,174.52,77.69,74.3,2.12,2.37,2.55
2023-04-27 00:00:00-04:00,1989.9,24.98,3.86,2311.5,192.1,78.63,627.0,1426.75,26.99,175.45,78.37,74.76,2.36,2.35,2.53
2023-04-28 00:00:00-04:00,1990.1,25.0,3.87,2359.75,189.85,79.03,636.0,1444.25,26.99,175.18,79.54,76.78,2.41,2.38,2.58
2023-05-01 00:00:00-04:00,1983.4,25.01,3.92,2390.75,189.25,79.54,639.5,1454.75,25.54,164.88,79.31,75.66,2.32,2.38,2.55
2023-05-02 00:00:00-04:00,2014.3,25.4,3.85,2382.75,190.65,78.6,638.0,1439.5,25.14,162.9,75.32,71.66,2.21,2.29,2.44
2023-05-03 00:00:00-04:00,2028.6,25.48,3.83,2330.75,189.2,76.99,645.25,1448.0,25.17,161.65,72.33,68.6,2.17,2.23,2.32
2023-05-04 00:00:00-04:00,2048.0,26.03,3.85,2300.5,186.4,79.99,646.5,1448.5,25.52,161.57,72.5,68.56,2.1,2.24,2.33
2023-05-05 00:00:00-04:00,2017.4,25.74,3.87,2329.5,191.0,82.13,653.25,1469.0,26.32,161.93,75.3,71.34,2.14,2.31,2.38
2023-05-08 00:00:00-04:00,2026.3,25.64,3.92,2314.25,186.9,81.53,656.5,1468.75,26.09,162.43,77.01,73.16,2.24,2.38,2.46
2023-05-09 00:00:00-04:00,2036.2,25.7,3.89,2333.75,188.0,80.99,642.25,1451.75,26.19,163.93,77.44,73.71,2.27,2.39,2.48
2023-05-10 00:00:00-04:00,2030.5,25.46,3.83,2284.75,187.45,80.76,645.5,1436.5,26.66,163.0,76.41,72.56,2.19,2.39,2.49
2023-05-11 00:00:00-04:00,2014.7,24.25,3.7,2216.5,185.8,79.62,632.5,1443.25,26.02,162.95,74.98,70.87,2.19,2.35,2.46
2023-05-12 00:00:00-04:00,2014.5,23.99,3.72,2238.25,186.0,80.53,633.25,1435.0,26.22,164.4,74.17,70.04,2.27,2.31,2.43
2023-05-15 00:00:00-04:00,2018.0,24.13,3.74,2250.25,193.05,82.37,592.5,1400.75,26.29,164.32,75.23,71.11,2.38,2.38,2.47
2023-05-16 00:00:00-04:00,1988.4,23.74,3.65,2260.0,190.35,83.38,581.25,1364.0,26.07,163.88,74.91,70.86,2.38,2.36,2.48
2023-05-17 00:00:00-04:00,1980.7,23.75,3.74,2295.75,189.85,86.94,561.5,1337.0,25.91,164.82,76.96,72.83,2.37,2.42,2.57
2023-05-18 00:00:00-04:00,1956.5,23.5,3.68,2286.75,190.45,86.66,555.25,1333.25,25.61,165.52,75.86,71.86,2.59,2.4,2.57
2023-05-19 00:00:00-04:00,1978.7,23.92,3.72,2300.0,192.0,86.72,554.5,1307.25,25.78,165.73,75.58,71.55,2.59,2.36,2.58
2023-05-22 00:00:00-04:00,1974.8,23.72,3.67,2290.5,189.2,85.32,571.0,1341.25,25.99,165.05,75.99,71.99,2.4,2.37,2.65
2023-05-23 00:00:00-04:00,1972.4,23.47,3.64,2255.0,187.45,84.35,577.5,1322.5,25.81,164.27,76.84,72.91,2.32,2.36,2.66
2023-05-24 00:00:00-04:00,1962.8,23.11,3.55,2230.0,188.0,81.72,587.25,1324.5,25.49,166.1,78.36,74.34,2.4,2.41,2.72
2023-05-25 00:00:00-04:00,1943.1,22.79,3.58,2233.25,182.7,80.12,590.75,1324.0,24.83,167.3,76.26,71.83,2.31,2.35,2.67
2023-05-26 00:00:00-04:00,1944.1,23.24,3.67,2245.0,181.6,83.35,604.0,1337.25,25.37,167.35,76.95,72.67,2.18,2.37,2.7
2023-05-30 00:00:00-04:00,1958.0,23.12,3.66,2227.75,177.1,83.99,594.0,1296.5,25.33,168.88,73.54,69.46,2.33,2.28,2.6
2023-05-31 00:00:00-04:00,1963.9,23.47,3.63,2255.5,178.65,83.48,594.0,1299.75,25.06,169.12,72.66,68.09,2.27,2.26,2.56
2023-06-01 00:00:00-04:00,1978.0,23.88,3.71,2299.25,183.05,86.42,592.5,1329.5,24.88,174.9,74.28,70.1,2.16,2.31,2.44
2023-06-02 00:00:00-04:00,1952.4,23.64,3.72,2269.5,180.3,86.05,609.0,1352.5,24.73,176.43,76.13,71.74,2.17,2.36,2.5
2023-06-05 00:00:00-04:00,1958.0,23.53,3.76,2240.5,183.1,84.79,597.5,1350.0,24.4,177.15,76.71,72.15,2.24,2.38,2.52
2023-06-06 00:00:00-04:00,1965.5,23.57,3.77,2204.75,182.6,85.34,608.0,1353.25,24.58,179.82,76.29,71.74,2.26,2.37,2.56
2023-06-07 00:00:00-04:00,1942.7,23.44,3.75,2207.25,185.4,85.01,604.25,1360.75,24.5,179.0,76.95,72.53,2.33,2.4,2.64
2023-06-08 00:00:00-04:00,1963.6,24.26,3.8,2240.75,194.85,84.31,610.25,1363.25,25.48,178.77,75.96,71.29,2.35,2.39,2.61
2023-06-09 00:00:00-04:00,1962.2,24.33,3.79,2254.25,190.65,84.04,604.25,1386.5,25.38,178.23,74.79,70.17,2.25,2.36,2.59
2023-06-12 00:00:00-04:00,1955.3,23.99,3.75,2211.25,185.55,83.49,617.25,1372.75,25.47,179.07,71.84,67.12,2.27,2.31,2.48
2023-06-13 00:00:00-04:00,1944.6,23.76,3.83,2220.75,182.75,82.72,612.5,1399.25,25.16,179.43,74.29,69.42,2.34,2.4,2.56
2023-06-14 00:00:00-04:00,1955.3,24.04,3.87,2243.75,184.4,81.79,607.75,1388.25,25.84,177.45,73.2,68.27,2.34,2.36,2.55
2023-06-15 00:00:00-04:00,1957.8,23.89,3.9,2227.75,187.0,80.64,623.25,1428.25,26.0,177.57,75.67,70.62,2.53,2.48,2.64
2023-06-16 00:00:00-04:00,1958.4,24.08,3.88,2252.5,184.9,81.46,640.25,1466.5,26.43,178.35,76.61,71.78,2.63,2.55,2.68
2023-06-20 00:00:00-04:00,1935.5,23.19,3.88,2217.5,177.45,80.66,643.75,1477.25,26.22,177.12,75.9,70.5,2.49,2.48,2.61
2023-06-21 00:00:00-04:00,1933.3,22.77,3.91,2223.0,172.0,79.31,671.0,1514.75,25.88,177.25,77.12,72.53,2.6,2.56,2.62
2023-06-22 00:00:00-04:00,1912.7,22.44,3.89,2203.0,171.7,79.29,660.5,1500.5,24.93,177.65,74.14,69.51,2.61,2.47,2.55
2023-06-23 00:00:00-04:00,1919.1,22.33,3.81,2168.25,168.05,78.06,630.75,1494.5,24.18,177.5,73.85,69.16,2.73,2.41,2.52
2023-06-26 00:00:00-04:00,1923.7,22.81,3.79,2149.5,167.95,77.07,637.25,1521.0,23.72,177.7,74.18,69.37,2.79,2.44,2.54
2023-06-27 00:00:00-04:00,1914.0,22.94,3.78,2170.0,169.45,77.64,623.0,1495.0,23.03,179.3,72.26,67.7,2.76,2.4,2.52
2023-06-28 00:00:00-04:00,1912.3,22.87,3.72,2148.25,165.65,80.12,590.0,1451.0,22.57,179.62,74.03,69.56,2.6,2.41,2.6
2023-06-29 00:00:00-04:00,1909.2,22.59,3.68,2126.0,163.6,81.25,581.0,1483.0,22.07,179.75,74.34,69.86,2.7,2.42,2.62
2023-06-30 00:00:00-04:00,1921.1,22.81,3.74,2114.75,161.0,82.84,554.5,1557.25,22.89,181.5,74.9,70.64,2.8,2.45,2.63
2023-07-03 00:00:00-04:00,1921.7,22.9,3.78,2112.75,162.5,83.43,557.25,1562.0,23.32,176.82,74.65,69.79,2.71,2.38,2.46
2023-07-05 00:00:00-04:00,1919.6,23.2,3.75,2119.25,161.05,82.45,548.25,1547.25,23.53,174.95,76.65,71.79,2.66,2.49,2.52
2023-07-06 00:00:00-04:00,1908.7,22.69,3.72,2103.0,162.35,82.88,566.75,1525.75,23.25,174.57,76.52,71.8,2.61,2.48,2.54
2023-07-07 00:00:00-04:00,1926.2,23.09,3.77,2111.25,162.8,81.2,560.5,1485.5,23.53,177.0,78.47,73.86,2.58,2.56,2.59
2023-07-10 00:00:00-04:00,1925.0,23.15,3.77,2115.5,161.75,79.95,570.75,1508.0,23.44,177.2,77.69,72.99,2.67,2.55,2.57
2023-07-11 00:00:00-04:00,1931.3,23.09,3.75,2127.5,159.3,82.95,571.75,1520.5,23.53,178.82,79.4,74.83,2.73,2.58,2.62
2023-07-12 00:00:00-04:00,1956.2,24.12,3.84,2193.75,158.75,82.51,549.75,1488.5,23.91,176.88,80.11,75.75,2.63,2.6,2.67
2023-07-13 00:00:00-04:00,1959.2,24.77,3.93,2242.0,159.35,82.79,593.5,1518.0,24.01,176.9,81.36,76.89,2.55,2.61,2.68
2023-07-14 00:00:00-04:00,1960.1,25.01,3.92,2235.0,161.95,82.66,599.75,1495.75,24.32,180.18,79.87,75.42,2.54,2.6,2.64
2023-07-17 00:00:00-04:00,1952.4,24.84,3.83,2207.0,154.75,83.49,499.25,1484.0,23.8,180.12,78.5,74.15,2.51,2.56,2.63
2023-07-18 00:00:00-04:00,1977.2,25.08,3.82,2164.25,155.25,83.78,528.75,1492.0,23.86,181.27,79.63,75.75,2.63,2.6,2.69
2023-07-19 00:00:00-04:00,1977.5,25.22,3.8,2137.25,152.45,85.62,545.5,1491.5,24.21,181.32,79.46,75.35,2.6,2.64,2.72
2023-07-20 00:00:00-04:00,1968.3,24.81,3.82,2143.25,158.05,85.93,537.25,1495.0,24.67,180.32,79.64,75.63,2.76,2.66,2.74
2023-07-21 00:00:00-04:00,1964.3,24.7,3.8,2148.0,161.85,85.08,527.0,1501.0,25.01,180.02,81.07,77.07,2.71,2.75,2.8
2023-07-24 00:00:00-04:00,1960.3,24.44,3.84,2153.75,163.0,85.58,560.5,1523.25,24.92,178.75,82.74,78.74,2.68,2.77,2.9
2023-07-25 00:00:00-04:00,1962.1,24.68,3.9,2184.0,161.85,88.55,557.5,1515.5,24.69,178.3,83.64,79.63,2.73,2.78,2.85
2023-07-26 00:00:00-04:00,1968.9,24.83,3.89,2155.5,163.15,89.98,540.25,1546.25,24.39,178.68,82.92,78.78,2.66,2.84,2.91
2023-07-27 00:00:00-04:00,1945.4,24.24,3.86,2151.75,161.45,86.62,533.25,1532.0,24.43,178.05,84.24,80.09,2.49,2.92,2.95
2023-07-28 00:00:00-04:00,1960.4,24.37,3.92,2178.5,157.9,85.06,521.0,1486.75,23.92,178.15,84.99,80.58,2.64,2.96,2.96
2023-07-31 00:00:00-04:00,1970.5,24.85,3.99,2230.5,164.65,85.44,504.0,1445.75,24.11,178.05,85.56,81.8,2.63,2.99,2.93
2023-08-01 00:00:00-04:00,1940.7,24.21,3.89,2198.5,164.55,86.87,497.0,1446.75,24.39,179.5,84.91,81.37,2.56,3.02,2.87
2023-08-02 00:00:00-04:00,1937.4,23.75,3.83,2150.5,166.95,85.08,488.25,1429.75,24.2,178.02,83.2,79.49,2.48,3.0,2.78
2023-08-03 00:00:00-04:00,1932.0,23.59,3.88,2168.25,164.75,85.28,480.75,1428.75,24.02,178.5,85.14,81.55,2.57,3.07,2.76
2023-08-04 00:00:00-04:00,1939.6,23.62,3.85,2172.0,161.35,85.27,484.25,1444.0,23.69,180.9,86.24,82.82,2.58,3.06,2.78
2023-08-07 00:00:00-04:00,1933.5,23.14,3.81,2166.75,163.95,86.38,482.25,1414.5,23.74,179.7,85.34,81.94,2.72,3.02,2.8
2023-08-08 00:00:00-04:00,1924.1,22.72,3.75,2133.0,161.35,86.2,485.75,1430.0,23.45,179.7,86.17,82.92,2.78,3.09,2.85
2023-08-09 00:00:00-04:00,1915.4,22.65,3.77,2122.75,160.75,86.11,481.0,1431.5,23.71,180.57,87.55,84.4,2.96,3.21,2.93
2023-08-10 00:00:00-04:00,1914.4,22.75,3.75,2154.75,159.9,87.29,483.25,1412.0,23.95,181.1,86.4,82.82,2.76,3.15,2.9
2023-08-11 00:00:00-04:00,1912.9,22.67,3.71,2115.25,157.8,89.29,474.5,1401.25,24.33,180.38,86.81,83.19,2.77,3.12,2.96
2023-08-14 00:00:00-04:00,1910.6,22.64,3.72,2081.0,151.1,87.65,475.75,1391.0,24.05,179.75,86.21,82.51,2.8,3.09,2.91
2023-08-15 00:00:00-04:00,1902.5,22.59,3.66,2075.5,149.25,86.2,464.0,1323.25,23.77,179.1,84.89,80.99,2.66,3.03,2.85
2023-08-16 00:00:00-04:00,1896.1,22.48,3.65,2073.25,148.9,85.32,469.5,1334.75,24.19,178.77,83.45,79.38,2.59,3.02,2.87
2023-08-17 00:00:00-04:00,1884.1,22.67,3.69,2090.5,147.0,84.36,473.0,1336.75,24.0,178.05,84.12,80.39,2.62,3.09,2.82
2023-08-18 00:00:00-04:00,1886.1,22.69,3.7,2081.0,147.45,84.32,479.5,1362.75,23.76,178.52,84.8,81.25,2.55,3.16,2.82
2023-08-21 00:00:00-04:00,1893.3,23.3,3.71,2082.75,147.55,84.46,469.25,1370.0,23.4,178.98,84.46,80.72,2.63,3.12,2.77
2023-08-22 00:00:00-04:00,1896.4,23.42,3.75,2114.25,146.6,84.99,466.5,1351.5,23.4,177.95,84.03,80.35,2.56,3.14,2.79
2023-08-23 00:00:00-04:00,1918.5,24.36,3.8,2131.0,152.95,86.21,476.25,1359.5,23.85,178.05,83.21,78.89,2.5,3.13,2.77
2023-08-24 00:00:00-04:00,1918.2,24.21,3.77,2111.25,153.0,86.09,472.25,1365.75,24.29,179.85,83.36,79.05,2.52,3.16,2.78
2023-08-25 00:00:00-04:00,1911.1,24.22,3.76,2108.75,151.75,87.51,470.75,1381.0,24.83,180.68,84.48,79.83,2.54,3.31,2.88
2023-08-28 00:00:00-04:00,1917.9,24.24,3.75,2139.25,151.8,87.07,478.5,1395.25,25.57,180.7,84.42,80.1,2.58,3.2,2.8
2023-08-29 00:00:00-04:00,1936.5,24.78,3.79,2125.25,151.35,87.09,469.5,1382.0,25.45,181.0,85.49,81.16,2.56,3.21,2.79
2023-08-30 00:00:00-04:00,1944.3,24.73,3.79,2165.25,153.35,88.28,461.75,1381.25,25.34,178.8,85.86,81.63,2.8,3.1,2.81
2023-08-31 00:00:00-04:00,1938.2,24.47,3.77,2175.5,152.7,88.1,461.0,1360.0,25.06,179.73,86.86,83.63,2.77,3.14,2.77
2023-09-01 00:00:00-04:00,1939.8,24.23,3.81,2216.25,150.95,89.61,464.75,1356.25,25.81,180.15,88.55,85.55,2.77,3.11,2.59
2023-09-05 00:00:00-04:00,1926.2,23.56,3.81,2180.0,151.4,88.0,471.0,1349.0,26.65,179.95,90.04,86.69,2.58,3.22,2.58
2023-09-06 00:00:00-04:00,1918.1,23.21,3.75,2175.5,151.75,86.0,471.5,1360.25,26.22,182.7,90.6,87.54,2.51,3.19,2.6
2023-09-07 00:00:00-04:00,1917.5,22.95,3.73,2171.25,147.4,83.62,470.75,1345.0,26.68,183.65,89.92,86.87,2.58,3.21,2.62
2023-09-08 00:00:00-04:00,1918.4,22.89,3.68,2154.75,146.25,84.41,468.5,1349.5,26.31,183.23,90.65,87.51,2.61,3.3,2.65
2023-09-11 00:00:00-04:00,1923.3,23.1,3.77,2179.25,151.55,86.97,471.25,1352.5,26.4,184.23,90.64,87.29,2.61,3.36,2.72
2023-09-12 00:00:00-04:00,1911.3,23.13,3.75,2192.25,150.7,87.49,463.25,1331.75,26.83,184.15,92.06,88.84,2.74,3.33,2.73
2023-09-13 00:00:00-04:00,1909.1,22.91,3.76,2201.25,151.05,85.67,464.0,1336.0,26.54,183.15,91.88,88.52,2.68,3.44,2.74
2023-09-14 00:00:00-04:00,1910.0,22.75,3.78,2202.25,153.1,86.47,462.5,1343.75,26.98,185.48,93.7,90.16,2.71,3.48,2.74
2023-09-15 00:00:00-04:00,1923.7,23.13,3.76,2167.25,158.25,85.39,476.25,1340.25,26.91,186.93,93.93,90.77,2.64,3.38,2.71
2023-09-18 00:00:00-04:00,1931.5,23.23,3.74,2202.0,158.7,85.54,471.5,1316.75,27.11,186.32,94.43,91.48,2.73,3.29,2.7
2023-09-19 00:00:00-04:00,1932.0,23.19,3.71,2188.75,167.5,86.06,476.25,1315.5,27.44,185.68,94.34,91.2,2.85,3.37,2.66
2023-09-20 00:00:00-04:00,1945.6,23.58,3.75,2236.0,158.2,85.37,482.25,1320.0,26.79,186.77,93.53,90.28,2.73,3.33,2.62
2023-09-21 00:00:00-04:00,1919.2,23.44,3.67,2188.75,154.85,84.87,475.25,1293.75,26.93,184.98,93.3,89.63,2.61,3.37,2.62
2023-09-22 00:00:00-04:00,1925.4,23.6,3.67,2215.5,151.15,84.04,477.25,1296.25,26.97,187.07,93.27,90.03,2.64,3.31,2.56
2023-09-25 00:00:00-04:00,1916.6,23.15,3.65,2209.0,148.8,86.42,481.25,1297.75,26.31,186.98,93.29,89.68,2.64,3.26,2.54
2023-09-26 00:00:00-04:00,1900.4,22.95,3.62,2228.25,150.85,88.18,479.75,1302.75,26.02,184.8,93.96,90.39,2.66,3.22,2.56
2023-09-27 00:00:00-04:00,1871.6,22.48,3.63,2232.75,149.25,88.4,483.25,1303.25,26.13,184.9,96.55,93.68,2.76,3.31,2.6
2023-09-28 00:00:00-04:00,1860.4,22.51,3.69,2271.75,147.2,88.73,488.5,1300.5,26.73,186.5,95.38,91.71,2.94,3.32,2.51
2023-09-29 00:00:00-04:00,1848.1,22.24,3.73,2329.5,146.15,86.86,476.75,1275.0,26.27,184.2,95.31,90.79,2.93,3.36,2.44
2023-10-02 00:00:00-04:00,1830.0,21.22,3.63,2310.25,149.1,87.46,488.75,1277.0,26.35,184.43,90.71,88.82,2.84,3.22,2.41
2023-10-03 00:00:00-04:00,1824.6,21.18,3.62,2287.0,148.75,87.14,487.5,1272.75,25.67,182.12,90.92,89.23,2.95,3.2,2.36
2023-10-04 00:00:00-04:00,1818.5,20.96,3.58,2242.25,146.35,86.72,486.0,1273.0,25.93,182.2,85.81,84.22,2.96,3.02,2.2
2023-10-05 00:00:00-04:00,1816.6,20.85,3.55,2224.5,145.4,86.25,497.5,1280.75,26.16,181.95,84.07,82.31,3.17,2.87,2.19
2023-10-06 00:00:00-04:00,1830.2,21.54,3.62,2227.25,146.05,86.85,492.0,1266.0,26.74,183.07,84.58,82.79,3.34,2.9,2.19
2023-10-09 00:00:00-04:00,1849.5,21.74,3.64,2224.75,146.05,86.67,488.25,1264.25,27.18,182.38,88.15,86.38,3.38,2.97,2.24
2023-10-10 00:00:00-04:00,1861.0,21.78,3.63,2198.0,147.5,85.45,485.5,1271.5,27.05,182.57,87.65,85.97,3.38,3.02,2.26
2023-10-11 00:00:00-04:00,1872.8,21.96,3.61,2196.25,147.7,85.05,488.0,1252.5,26.4,184.5,85.82,83.49,3.38,3.0,2.21
2023-10-12 00:00:00-04:00,1869.3,21.79,3.59,2185.5,149.3,84.92,496.0,1290.0,26.35,185.4,86.0,82.91,3.34,3.04,2.16
2023-10-13 00:00:00-04:00,1927.4,22.73,3.58,2181.5,154.9,86.06,493.25,1280.25,27.03,185.12,90.89,87.69,3.24,3.21,2.27
2023-10-16 00:00:00-04:00,1921.1,22.61,3.59,2169.25,154.15,85.15,490.0,1286.25,27.05,185.2,89.65,86.66,3.11,3.15,2.27
2023-10-17 00:00:00-04:00,1922.7,22.86,3.58,2166.5,157.05,83.23,489.0,1296.75,27.49,185.5,89.9,86.66,3.08,3.18,2.28
2023-10-18 00:00:00-04:00,1955.3,22.94,3.58,2175.75,158.05,84.24,492.0,1311.0,27.48,185.73,91.5,88.32,3.06,3.14,2.35
2023-10-19 00:00:00-04:00,1968.4,22.89,3.59,2184.0,163.95,84.27,505.0,1315.5,27.29,184.4,92.38,89.37,2.96,3.17,2.36
2023-10-20 00:00:00-04:00,1982.5,23.35,3.54,2177.0,165.25,82.4,495.5,1302.25,26.85,184.27,92.16,88.75,2.9,3.16,2.37
2023-10-23 00:00:00-04:00,1976.3,23.07,3.57,2174.25,165.85,83.73,490.25,1286.75,27.48,178.25,89.83,85.49,2.93,3.1,2.33
2023-10-24 00:00:00-04:00,1975.0,22.98,3.61,2184.0,168.15,82.93,484.0,1295.25,27.53,180.0,88.07,83.74,2.97,3.04,2.27
2023-10-25 00:00:00-04:00,1984.1,22.88,3.57,2213.25,162.3,83.81,480.0,1288.25,27.63,181.12,90.13,85.39,3.01,3.03,2.28
2023-10-26 00:00:00-04:00,1987.2,22.79,3.57,2193.5,161.2,84.59,479.25,1279.5,27.04,181.7,87.93,83.21,3.21,3.04,2.26
2023-10-27 00:00:00-04:00,1988.6,22.77,3.63,2222.75,160.95,84.38,480.75,1297.25,27.34,184.0,90.48,85.54,3.16,3.05,2.31
2023-10-30 00:00:00-04:00,1996.2,23.28,3.65,2263.75,159.1,82.91,478.25,1282.75,26.75,184.12,87.45,82.31,3.35,2.97,2.22
2023-10-31 00:00:00-04:00,1985.2,22.84,3.64,2251.5,167.3,81.22,478.75,1287.0,27.09,183.75,87.41,81.02,3.58,2.99,2.22
2023-11-01 00:00:00-04:00,1978.8,22.68,3.64,2235.25,159.8,79.44,475.0,1291.25,27.51,183.62,84.63,80.44,3.49,2.96,2.19
2023-11-02 00:00:00-04:00,1985.6,22.75,3.67,2221.25,165.35,79.8,470.0,1304.0,27.48,184.68,86.85,82.46,3.47,3.03,2.25
2023-11-03 00:00:00-04:00,1991.5,23.2,3.67,2246.0,170.9,79.62,477.25,1327.5,27.77,183.88,84.89,80.51,3.52,2.92,2.2
2023-11-06 00:00:00-05:00,1981.6,23.15,3.71,2275.5,173.7,78.0,477.25,1340.5,27.95,181.32,85.18,80.82,3.26,2.95,2.24
2023-11-07 00:00:00-05:00,1966.8,22.51,3.67,2251.5,170.75,76.48,468.5,1348.75,27.59,178.77,81.61,77.37,3.14,2.84,2.17
2023-11-08 00:00:00-05:00,1951.5,22.65,3.63,2251.25,174.35,74.89,476.0,1349.0,27.21,179.4,79.54,75.33,3.11,2.75,2.13
2023-11-09 00:00:00-05:00,1964.2,22.83,3.63,2232.0,178.8,76.52,468.0,1327.75,27.78,174.35,80.01,75.74,3.04,2.72,2.16
2023-11-10 00:00:00-05:00,1932.6,22.22,3.58,2206.0,174.5,77.32,464.0,1333.5,27.29,174.18,81.43,77.17,3.03,2.74,2.19
2023-11-13 00:00:00-05:00,1945.5,22.3,3.66,2216.5,178.65,77.48,477.25,1368.0,27.71,174.93,82.52,78.26,3.2,2.84,2.24
2023-11-14 00:00:00-05:00,1961.8,23.08,3.68,2204.0,176.45,78.68,478.25,1368.75,27.18,175.85,82.47,78.26,3.11,2.84,2.22
2023-11-15 00:00:00-05:00,1960.1,23.49,3.72,2199.75,180.8,78.41,470.75,1385.0,27.15,177.77,81.18,76.66,3.19,2.87,2.2
2023-11-16 00:00:00-05:00,1983.9,23.89,3.7,2179.75,176.1,78.68,474.75,1360.25,27.19,174.75,77.42,72.9,3.06,2.75,2.1
2023-11-17 00:00:00-05:00,1981.6,23.81,3.74,2177.5,170.95,78.92,467.0,1340.25,27.18,175.75,80.61,75.89,2.96,2.77,2.18
2023-11-20 00:00:00-05:00,1977.7,23.58,3.81,2208.0,177.9,77.97,469.5,1367.25,27.56,175.48,82.32,77.6,2.88,2.85,2.23
2023-11-21 00:00:00-05:00,1999.3,23.84,3.81,2219.25,176.55,77.34,470.0,1377.25,27.75,175.0,82.45,77.77,2.85,2.92,2.23
2023-11-22 00:00:00-05:00,1991.4,23.67,3.77,2188.0,178.65,79.58,468.75,1356.5,27.22,174.48,81.96,77.1,2.9,2.89,2.23
2023-11-23 00:00:00-05:00,2867.3,32.33,3.78,2623.75,178.65,79.58,468.75,1356.5,27.22,174.48,81.37,77.1,2.93,2.87,2.21
2023-11-24 00:00:00-05:00,2002.2,24.33,3.8,2200.25,178.65,80.39,463.25,1330.75,26.98,170.25,80.58,75.54,2.86,2.84,2.17
2023-11-27 00:00:00-05:00,2011.8,24.67,3.76,2184.75,179.7,78.59,455.5,1329.75,27.2,168.77,79.98,74.86,2.79,2.84,2.18
2023-11-28 00:00:00-05:00,2039.7,24.93,3.8,2188.5,183.65,78.6,451.5,1346.5,26.99,171.65,81.68,76.41,2.71,2.91,2.23
2023-11-29 00:00:00-05:00,2047.1,25.07,3.79,2171.5,182.1,78.59,449.75,1347.0,26.86,171.9,83.1,77.86,2.8,2.89,2.28
2023-11-30 00:00:00-05:00,2038.1,25.29,3.83,2160.25,195.0,79.4,461.75,1342.75,26.04,170.88,82.83,75.96,2.8,2.83,2.2
2023-12-01 00:00:00-05:00,2071.0,25.5,3.91,2174.5,193.9,78.42,464.5,1325.0,25.09,169.27,78.88,74.07,2.81,2.66,2.12
2023-12-04 00:00:00-05:00,2024.1,24.56,3.82,2148.75,188.9,77.68,460.25,1306.25,25.81,167.25,78.03,73.04,2.69,2.66,2.13
2023-12-05 00:00:00-05:00,2018.5,24.2,3.77,2126.0,193.85,78.68,468.5,1305.5,24.96,168.5,77.2,72.32,2.71,2.64,2.11
2023-12-06 00:00:00-05:00,2030.5,23.89,3.72,2109.75,185.25,78.75,464.75,1295.5,23.0,163.45,74.3,69.38,2.57,2.58,2.03
2023-12-07 00:00:00-05:00,2029.9,23.73,3.78,2092.5,185.5,82.59,468.25,1311.75,23.03,162.35,74.05,69.34,2.59,2.55,2.0
2023-12-08 00:00:00-05:00,1998.3,22.97,3.82,2109.0,185.15,81.44,465.75,1304.0,23.36,165.45,75.84,71.23,2.58,2.58,2.05
2023-12-11 00:00:00-05:00,1978.0,22.77,3.78,2093.25,194.0,82.0,460.5,1336.0,22.47,166.98,76.03,71.32,2.43,2.61,2.04
2023-12-12 00:00:00-05:00,1977.8,22.73,3.79,2093.25,191.15,81.05,462.5,1323.75,22.59,167.7,73.24,68.61,2.31,2.51,1.98
2023-12-13 00:00:00-05:00,1982.3,22.64,3.79,2113.5,194.65,81.18,456.75,1307.5,21.97,166.95,74.26,69.47,2.34,2.55,2.02
2023-12-14 00:00:00-05:00,2030.2,24.1,3.89,2175.0,200.1,80.81,456.75,1314.0,22.18,167.5,76.61,71.58,2.39,2.59,2.12
2023-12-15 00:00:00-05:00,2021.1,23.87,3.88,2207.5,201.8,79.93,483.0,1315.75,21.99,168.23,76.55,71.43,2.49,2.62,2.14
2023-12-18 00:00:00-05:00,2026.3,23.83,3.85,2237.75,209.55,79.1,477.0,1327.0,21.31,168.82,77.95,72.47,2.5,2.67,2.16
2023-12-19 00:00:00-05:00,2038.4,24.04,3.9,2211.25,202.4,79.46,472.75,1312.5,21.43,168.45,79.23,73.44,2.49,2.72,2.2
2023-12-20 00:00:00-05:00,2034.5,24.35,3.9,2187.75,190.6,79.21,469.75,1308.25,20.92,170.02,79.7,74.22,2.45,2.71,2.2
2023-12-21 00:00:00-05:00,2039.1,24.31,3.91,2184.25,193.6,79.13,472.5,1297.25,20.24,170.55,79.39,73.89,2.57,2.7,2.16
2023-12-22 00:00:00-05:00,2057.1,24.29,3.9,2268.0,192.8,79.76,473.0,1299.75,20.62,170.05,79.07,73.56,2.61,2.66,2.13
2023-12-26 00:00:00-05:00,2058.2,24.14,3.9,2251.5,194.35,80.05,480.25,1313.25,20.53,170.57,81.07,75.57,2.55,2.67,2.16
2023-12-27 00:00:00-05:00,2081.9,24.38,3.94,2327.5,197.75,80.53,476.5,1316.75,20.6,170.73,79.65,74.11,2.62,2.62,2.15
2023-12-28 00:00:00-05:00,2073.9,24.13,3.91,2319.0,198.0,80.95,474.25,1305.25,21.76,171.2,78.39,71.77,2.56,2.56,2.09
2023-12-29 00:00:00-05:00,2062.4,23.85,3.88,2332.25,188.3,81.0,471.25,1293.5,20.58,173.68,77.04,71.65,2.51,2.55,2.1
2024-01-02 00:00:00-05:00,2064.4,23.73,3.87,2278.75,190.15,79.94,463.75,1274.0,20.9,171.93,75.89,70.38,2.57,2.53,2.09
2024-01-03 00:00:00-05:00,2034.2,22.95,3.85,2251.0,186.25,80.93,465.25,1269.5,20.85,171.85,78.25,72.7,2.67,2.6,2.16
2024-01-04 00:00:00-05:00,2042.3,22.99,3.83,2218.25,185.55,80.12,466.5,1262.0,21.08,171.12,77.59,72.19,2.82,2.59,2.11
2024-01-05 00:00:00-05:00,2042.4,23.12,3.79,2203.0,182.8,80.19,460.75,1249.75,21.11,170.57,78.76,73.81,2.89,2.61,2.11
2024-01-08 00:00:00-05:00,2026.6,23.12,3.8,2168.5,181.4,80.42,455.0,1239.5,21.74,169.95,76.12,70.77,2.98,2.58,2.03
2024-01-09 00:00:00-05:00,2026.4,22.9,3.75,2182.5,184.1,80.73,459.25,1241.5,21.7,170.77,77.59,72.24,3.19,2.65,2.08
2024-01-10 00:00:00-05:00,2021.7,22.88,3.78,2178.5,181.15,80.18,459.5,1228.75,21.41,170.75,76.8,71.37,3.04,2.6,2.07
2024-01-11 00:00:00-05:00,2014.3,22.54,3.78,2179.75,184.05,81.36,457.75,1231.25,21.76,171.8,77.41,72.02,3.1,2.67,2.11
2024-01-12 00:00:00-05:00,2046.7,23.16,3.74,2167.5,180.0,81.31,447.0,1205.75,21.61,171.38,78.29,72.68,3.31,2.67,2.12
2024-01-16 00:00:00-05:00,2026.0,22.93,3.77,2161.75,185.25,81.33,443.5,1227.25,22.52,173.12,78.29,72.4,2.9,2.66,2.12
2024-01-17 00:00:00-05:00,2002.6,22.52,3.73,2148.75,179.2,81.7,442.25,1205.75,22.35,173.1,77.88,72.56,2.87,2.65,2.14
2024-01-18 00:00:00-05:00,2018.6,22.67,3.74,2136.5,179.95,82.51,444.0,1213.5,23.04,174.82,79.1,74.08,2.7,2.69,2.18
2024-01-19 00:00:00-05:00,2026.5,22.57,3.79,2127.5,185.15,83.95,445.5,1213.25,23.57,174.38,78.56,73.41,2.52,2.66,2.16
2024-01-22 00:00:00-05:00,2019.8,22.16,3.76,2127.5,192.25,84.83,445.75,1224.25,23.5,173.77,80.06,75.19,2.42,2.69,2.24
2024-01-23 00:00:00-05:00,2023.7,22.33,3.79,2184.25,192.95,84.6,446.5,1239.5,23.75,174.65,79.55,74.37,2.45,2.69,2.21
2024-01-24 00:00:00-05:00,2013.9,22.75,3.88,2186.25,189.45,85.4,452.25,1240.25,24.46,175.35,80.04,75.09,2.64,2.68,2.21
2024-01-25 00:00:00-05:00,2016.9,22.81,3.87,2194.5,186.95,85.76,451.75,1223.0,24.04,177.73,82.43,77.36,2.57,2.8,2.26
2024-01-26 00:00:00-05:00,2016.8,22.75,3.85,2226.0,193.85,84.37,446.25,1209.25,23.77,178.45,83.55,78.01,2.71,2.84,2.29
2024-01-29 00:00:00-05:00,2025.2,23.14,3.87,2219.5,189.25,84.26,440.25,1194.25,23.53,177.38,82.4,76.78,2.49,2.83,2.23
2024-01-30 00:00:00-05:00,2031.5,23.11,3.91,2227.5,194.0,84.78,447.75,1218.75,23.91,178.02,82.87,77.82,2.08,2.81,2.26
2024-01-31 00:00:00-05:00,2048.4,23.05,3.9,2235.5,194.05,85.17,448.25,1222.25,24.13,177.35,81.71,75.85,2.1,2.81,2.18
2024-02-01 00:00:00-05:00,2053.0,23.13,3.85,2209.25,194.2,86.49,447.25,1203.25,23.56,179.75,78.7,73.82,2.05,2.71,2.19
2024-02-02 00:00:00-05:00,2036.1,22.7,3.82,2196.75,191.95,87.11,442.75,1188.5,23.89,180.55,77.33,72.28,2.08,2.66,2.15
2024-02-05 00:00:00-05:00,2025.7,22.33,3.77,2176.75,189.5,87.04,442.75,1196.25,23.53,179.73,77.99,72.78,2.08,2.72,2.21
2024-02-06 00:00:00-05:00,2034.5,22.39,3.78,2199.0,188.2,87.54,438.75,1199.5,23.56,183.0,78.59,73.31,2.01,2.74,2.22
2024-02-07 00:00:00-05:00,2035.2,22.28,3.74,2188.5,190.7,88.47,434.25,1189.0,23.88,182.23,79.21,73.86,1.97,2.82,2.26
2024-02-08 00:00:00-05:00,2032.2,22.57,3.71,2189.75,188.8,89.1,433.25,1193.5,23.98,183.77,81.63,76.22,1.92,2.89,2.34
2024-02-09 00:00:00-05:00,2023.3,22.53,3.69,2182.0,196.3,91.78,429.0,1183.5,24.02,184.62,82.19,76.84,1.85,2.96,2.34
2024-02-12 00:00:00-05:00,2018.2,22.71,3.73,2191.25,195.6,90.53,430.5,1193.0,23.56,184.25,82.0,76.92,1.77,2.92,2.37
2024-02-13 00:00:00-05:00,1992.9,22.1,3.71,2186.0,193.0,91.52,430.75,1186.25,23.3,183.75,82.77,77.87,1.69,2.9,2.39
2024-02-14 00:00:00-05:00,1990.3,22.33,3.7,2202.0,187.05,93.48,424.25,1170.5,23.37,182.4,81.6,76.64,1.61,2.81,2.32
2024-02-15 00:00:00-05:00,2002.1,22.91,3.76,2186.5,189.3,94.63,417.75,1162.25,22.82,183.4,82.86,78.03,1.58,2.82,2.32
2024-02-16 00:00:00-05:00,2011.5,23.44,3.84,2176.25,190.85,93.87,416.5,1172.25,23.08,184.77,83.47,79.19,1.61,2.81,2.34
2024-02-20 00:00:00-05:00,2027.5,23.11,3.87,2148.5,191.6,91.19,418.75,1179.0,22.75,184.4,82.34,78.18,1.58,2.73,2.28
2024-02-21 00:00:00-05:00,2022.3,22.85,3.87,2175.5,198.35,92.6,411.0,1160.75,22.77,183.98,83.03,77.91,1.77,2.71,2.29
2024-02-22 00:00:00-05:00,2019.7,22.76,3.9,2144.25,193.85,94.2,406.0,1147.75,22.83,183.5,83.67,78.61,1.73,2.75,2.33
2024-02-23 00:00:00-05:00,2038.6,22.97,3.88,2131.25,191.0,94.93,399.75,1133.0,22.62,185.6,81.62,76.49,1.6,2.69,2.28
2024-02-26 00:00:00-05:00,2028.5,22.52,3.82,2129.25,190.1,96.58,407.0,1136.0,23.15,185.73,82.53,77.58,1.66,2.76,2.31
2024-02-27 00:00:00-05:00,2034.0,22.52,3.83,2131.75,194.05,100.75,408.25,1131.25,23.84,185.6,83.65,78.87,1.62,2.75,2.34
2024-02-28 00:00:00-05:00,2033.0,22.41,3.83,2132.0,193.35,103.07,413.25,1134.0,24.01,184.65,83.68,78.54,1.88,2.66,2.27
2024-02-29 00:00:00-05:00,2045.7,22.67,3.83,2167.5,195.85,101.56,415.75,1128.25,22.58,184.0,83.62,78.26,1.86,2.68,2.3
2024-03-01 00:00:00-05:00,2086.9,23.15,3.86,2188.5,193.8,97.56,412.25,1143.0,21.09,188.45,83.55,79.97,1.84,2.7,2.61
2024-03-04 00:00:00-05:00,2117.7,23.78,3.85,2174.75,197.4,98.44,417.5,1147.0,20.6,186.68,82.8,78.74,1.92,2.65,2.59
2024-03-05 00:00:00-05:00,2133.5,23.76,3.84,2166.25,195.0,98.1,413.5,1140.75,20.87,188.0,82.04,78.15,1.96,2.61,2.53
2024-03-06 00:00:00-05:00,2150.3,24.27,3.87,2189.75,194.45,99.14,418.0,1140.25,21.45,187.25,82.96,79.13,1.93,2.66,2.55
2024-03-07 00:00:00-05:00,2158.0,24.37,3.92,2201.5,198.35,99.28,426.0,1157.0,21.28,188.73,82.96,78.93,1.82,2.69,2.55
2024-03-08 00:00:00-05:00,2178.6,24.34,3.88,2193.5,191.4,95.28,426.25,1170.5,21.15,187.6,82.08,78.01,1.8,2.64,2.53
2024-03-11 00:00:00-04:00,2182.5,24.51,3.92,2210.5,194.35,95.06,428.25,1165.0,21.95,187.6,82.21,77.93,1.76,2.65,2.58
2024-03-12 00:00:00-04:00,2160.4,24.19,3.92,2216.5,195.4,95.23,429.0,1182.0,21.89,188.25,81.92,77.56,1.71,2.62,2.59
2024-03-13 00:00:00-04:00,2175.4,24.96,4.05,2211.0,191.65,94.9,426.5,1181.75,21.93,189.93,84.03,79.72,1.66,2.69,2.66
2024-03-14 00:00:00-04:00,2163.0,24.87,4.04,2193.0,191.35,93.48,422.5,1180.75,21.77,186.95,85.42,81.26,1.74,2.71,2.7
2024-03-15 00:00:00-04:00,2157.3,25.2,4.11,2214.0,182.85,93.94,436.75,1198.25,22.12,187.25,85.34,81.04,1.65,2.73,2.72
2024-03-18 00:00:00-04:00,2160.7,25.09,4.11,2213.5,181.85,94.57,436.0,1187.75,22.16,188.57,86.89,82.72,1.7,2.79,2.76
2024-03-19 00:00:00-04:00,2156.3,24.96,4.06,2203.5,183.05,93.34,439.5,1185.5,21.64,188.05,87.38,83.47,1.74,2.76,2.76
2024-03-20 00:00:00-04:00,2157.9,24.93,4.04,2212.75,182.4,92.18,439.0,1209.5,21.77,187.8,85.95,81.68,1.7,2.7,2.73
2024-03-21 00:00:00-04:00,2182.4,24.85,4.05,2237.0,185.7,92.21,440.75,1212.0,22.06,188.38,85.78,81.07,1.68,2.67,2.73
2024-03-22 00:00:00-04:00,2158.1,24.69,4.0,2251.25,184.85,91.53,439.25,1192.5,21.85,187.5,85.43,80.63,1.66,2.65,2.74
2024-03-25 00:00:00-04:00,2174.8,24.75,4.01,2268.0,185.65,92.02,437.75,1209.25,21.95,186.2,86.75,81.95,1.62,2.68,2.75
2024-03-26 00:00:00-04:00,2175.6,24.48,4.0,2246.0,188.05,93.41,432.5,1199.0,22.39,183.1,86.25,81.62,1.58,2.62,2.7
2024-03-27 00:00:00-04:00,2190.6,24.62,3.99,2247.0,190.65,90.77,426.75,1192.5,22.19,183.6,86.09,81.35,1.72,2.6,2.68
2024-03-28 00:00:00-04:00,2217.4,24.8,4.0,2284.25,188.85,91.38,442.0,1191.5,22.52,185.0,87.48,83.17,1.76,2.62,2.76
2024-04-01 00:00:00-04:00,2236.5,24.95,4.05,2289.25,191.8,92.76,435.5,1185.75,22.72,180.07,87.42,83.71,1.84,2.63,2.71
2024-04-02 00:00:00-04:00,2261.0,25.8,4.07,2326.5,197.75,90.81,426.5,1174.0,22.32,181.77,88.92,85.15,1.86,2.71,2.76
2024-04-03 00:00:00-04:00,2294.4,26.94,4.19,2372.0,203.6,88.98,431.75,1182.25,22.22,180.93,89.35,85.43,1.84,2.73,2.76
2024-04-04 00:00:00-04:00,2288.8,27.14,4.25,2386.75,206.75,87.14,435.25,1180.0,22.36,181.48,90.65,86.59,1.77,2.74,2.79
2024-04-05 00:00:00-04:00,2325.7,27.4,4.24,2395.25,212.5,86.25,434.25,1185.0,21.99,178.25,91.17,86.91,1.78,2.77,2.79
2024-04-08 00:00:00-04:00,2331.7,27.71,4.28,2405.5,211.1,86.65,435.5,1181.5,21.59,179.4,90.38,86.43,1.84,2.73,2.75
2024-04-09 00:00:00-04:00,2343.5,27.89,4.29,2407.25,213.55,86.04,431.25,1174.5,21.49,180.7,89.42,85.23,1.87,2.68,2.76
2024-04-10 00:00:00-04:00,2329.6,27.96,4.28,2397.25,214.65,85.31,434.25,1164.75,21.46,179.07,90.48,86.21,1.88,2.71,2.78
2024-04-11 00:00:00-04:00,2354.8,28.18,4.25,2398.75,220.35,83.37,428.75,1159.25,20.85,180.25,89.74,85.02,1.76,2.66,2.77
2024-04-12 00:00:00-04:00,2356.2,28.25,4.26,2436.25,224.65,82.62,435.5,1174.0,20.45,178.9,90.45,85.66,1.77,2.69,2.8
2024-04-15 00:00:00-04:00,2365.8,28.65,4.38,2521.25,231.55,82.93,431.5,1158.25,20.02,180.3,90.1,85.41,1.69,2.65,2.78
2024-04-16 00:00:00-04:00,2390.8,28.32,4.31,2515.75,236.75,81.29,431.0,1145.0,19.63,181.5,90.02,85.36,1.73,2.65,2.82
2024-04-17 00:00:00-04:00,2371.7,28.35,4.34,2590.5,247.95,79.56,430.25,1149.5,19.32,180.9,87.29,82.69,1.71,2.57,2.73
2024-04-18 00:00:00-04:00,2382.3,28.33,4.44,2601.5,239.85,78.1,426.75,1134.25,19.59,181.18,87.11,82.73,1.76,2.53,2.71
2024-04-19 00:00:00-04:00,2398.4,28.81,4.5,2680.0,241.4,78.69,433.5,1150.5,19.73,181.48,87.29,83.14,1.75,2.54,2.71
2024-04-22 00:00:00-04:00,2332.2,27.21,4.5,2660.75,231.65,80.04,439.75,1161.0,19.8,183.82,87.0,82.85,1.79,2.56,2.69
2024-04-23 00:00:00-04:00,2327.7,27.33,4.49,2572.0,224.5,80.22,443.0,1167.5,19.91,183.35,88.42,83.36,1.81,2.58,2.73
2024-04-24 00:00:00-04:00,2324.5,27.32,4.47,2600.75,228.45,79.51,437.75,1166.0,20.0,182.1,88.02,82.81,1.65,2.55,2.73
2024-04-25 00:00:00-04:00,2329.8,27.34,4.57,2526.0,231.95,79.58,441.0,1162.75,19.48,183.95,89.01,83.57,1.64,2.55,2.76
2024-04-26 00:00:00-04:00,2334.8,27.24,4.57,2554.75,230.6,79.4,440.0,1159.5,19.4,184.68,89.5,83.85,1.61,2.55,2.76
2024-04-29 00:00:00-04:00,2345.4,27.37,4.66,2566.0,233.55,80.02,439.25,1160.75,20.2,185.4,88.4,82.63,2.03,2.53,2.75
2024-04-30 00:00:00-04:00,2291.4,26.39,4.56,2561.25,220.65,77.92,439.5,1145.5,19.71,185.0,87.86,81.93,1.99,2.51,2.71
2024-05-01 00:00:00-04:00,2299.9,26.49,4.55,2537.75,219.05,75.81,443.25,1155.75,19.22,173.85,83.44,79.0,1.93,2.45,2.58
2024-05-02 00:00:00-04:00,2299.2,26.58,4.49,2491.75,208.65,74.92,452.0,1190.0,19.25,176.8,83.67,78.95,2.04,2.44,2.6
2024-05-03 00:00:00-04:00,2299.0,26.44,4.57,2512.25,205.9,77.36,447.0,1201.75,19.28,176.68,82.96,78.11,2.14,2.44,2.56
2024-05-06 00:00:00-04:00,2321.6,27.37,4.63,2554.25,200.7,76.56,457.0,1234.75,19.48,176.98,83.33,78.48,2.19,2.46,2.59
2024-05-07 00:00:00-04:00,2315.2,27.3,4.63,2527.0,199.0,77.0,453.75,1232.25,19.95,177.62,83.16,78.38,2.21,2.47,2.54
2024-05-08 00:00:00-04:00,2313.6,27.36,4.56,2503.75,200.25,80.06,445.5,1212.75,19.6,176.48,83.58,78.99,2.19,2.48,2.53
2024-05-09 00:00:00-04:00,2332.1,28.13,4.61,2510.5,203.7,78.6,442.75,1192.75,19.58,175.95,83.88,79.26,2.3,2.48,2.54
2024-05-10 00:00:00-04:00,2367.3,28.27,4.69,2488.25,204.4,77.31,455.75,1205.0,19.3,176.15,82.79,78.26,2.25,2.43,2.5
2024-05-13 00:00:00-04:00,2336.1,28.22,4.8,2493.75,200.4,77.63,458.5,1205.5,18.63,175.57,83.36,79.12,2.38,2.44,2.51
2024-05-14 00:00:00-04:00,2353.4,28.49,4.95,2491.5,202.85,74.63,453.75,1199.0,18.87,178.18,82.38,78.02,2.34,2.42,2.46
2024-05-15 00:00:00-04:00,2388.7,29.51,4.97,2533.5,201.25,75.41,462.5,1213.5,18.65,178.25,82.75,78.63,2.42,2.42,2.5
2024-05-16 00:00:00-04:00,2380.0,29.67,4.89,2529.0,199.55,76.24,457.0,1216.25,18.33,179.02,83.27,79.23,2.49,2.44,2.54
2024-05-17 00:00:00-04:00,2412.2,31.05,5.06,2533.5,208.15,75.89,452.5,1228.0,18.13,181.05,83.98,80.06,2.63,2.49,2.57
2024-05-20 00:00:00-04:00,2433.9,32.21,5.09,2557.5,209.3,76.03,460.5,1248.0,18.68,181.48,83.71,79.8,2.75,2.49,2.54
2024-05-21 00:00:00-04:00,2421.7,31.87,5.12,2651.0,217.2,76.38,458.0,1236.25,18.56,182.98,82.88,79.26,2.67,2.46,2.51
2024-05-22 00:00:00-04:00,2389.2,31.3,4.87,2568.0,220.45,79.38,461.25,1246.25,18.23,184.18,81.9,77.57,2.84,2.43,2.47
2024-05-23 00:00:00-04:00,2335.0,30.28,4.82,2550.25,215.65,81.72,464.0,1239.25,18.26,183.52,81.36,76.87,2.66,2.41,2.47
2024-05-24 00:00:00-04:00,2332.5,30.33,4.78,2588.25,218.25,80.52,464.75,1248.0,18.41,183.7,82.12,77.72,2.52,2.41,2.48
2024-05-28 00:00:00-04:00,2355.2,31.97,4.88,2654.75,230.95,82.43,462.5,1229.5,18.73,184.55,84.22,79.83,2.59,2.46,2.51
2024-05-29 00:00:00-04:00,2340.3,32.2,4.81,2703.5,229.45,81.1,455.25,1214.0,18.35,183.35,83.6,79.23,2.49,2.44,2.46
2024-05-30 00:00:00-04:00,2342.9,31.39,4.67,2648.0,233.0,77.76,448.75,1209.75,18.19,182.55,81.86,77.91,2.57,2.37,2.4
2024-05-31 00:00:00-04:00,2322.9,30.3,4.61,2591.5,222.35,76.15,446.25,1205.0,18.3,181.55,81.62,76.99,2.59,2.36,2.43
2024-06-03 00:00:00-04:00,2346.6,30.64,4.68,2601.75,226.55,73.15,443.5,1184.5,18.78,182.02,78.36,74.22,2.76,2.3,2.34
2024-06-04 00:00:00-04:00,2325.5,29.49,4.55,2599.5,233.9,73.48,442.5,1179.0,18.86,182.18,77.52,73.25,2.59,2.29,2.35
2024-06-05 00:00:00-04:00,2354.1,29.95,4.62,2558.25,231.95,74.44,439.25,1177.25,19.13,181.77,78.41,74.07,2.76,2.3,2.35
2024-06-06 00:00:00-04:00,2370.3,31.25,4.69,2592.75,234.2,75.44,452.0,1200.0,19.22,181.82,79.87,75.55,2.82,2.36,2.4
2024-06-07 00:00:00-04:00,2305.2,29.33,4.49,2507.75,224.8,73.84,448.75,1179.25,19.0,182.18,79.62,75.53,2.92,2.35,2.38
2024-06-10 00:00:00-04:00,2307.7,29.77,4.56,2499.5,221.4,71.81,451.75,1188.25,18.63,183.93,81.63,77.74,2.91,2.41,2.41
2024-06-11 00:00:00-04:00,2307.5,29.13,4.52,2459.25,220.55,72.73,449.5,1178.0,18.79,183.75,81.92,77.9,3.13,2.42,2.41
2024-06-12 00:00:00-04:00,2336.0,30.18,4.58,2496.75,224.35,71.74,454.25,1177.25,19.1,183.65,82.6,78.5,3.05,2.44,2.39
2024-06-13 00:00:00-04:00,2300.2,28.99,4.51,2477.0,226.05,71.35,458.5,1189.5,19.59,184.82,82.75,78.62,2.96,2.49,2.42
2024-06-14 00:00:00-04:00,2331.4,29.4,4.55,2440.75,224.15,70.97,450.0,1179.75,19.43,186.82,82.62,78.45,2.88,2.47,2.4
2024-06-17 00:00:00-04:00,2312.4,29.33,4.52,2425.5,227.15,69.94,443.75,1157.75,18.98,187.05,84.25,80.33,2.79,2.48,2.45
2024-06-18 00:00:00-04:00,2330.4,29.5,4.56,2416.5,226.3,71.03,450.0,1174.0,18.92,186.68,85.33,81.57,2.91,2.52,2.48
2024-06-20 00:00:00-04:00,2353.8,30.78,4.62,2441.75,230.25,70.85,439.75,1155.25,18.89,187.07,85.71,82.17,2.74,2.52,2.5
2024-06-21 00:00:00-04:00,2316.4,29.57,4.49,2432.25,226.55,68.19,435.0,1160.5,18.97,187.6,85.24,80.73,2.7,2.49,2.51
2024-06-24 00:00:00-04:00,2330.0,29.49,4.53,2423.0,238.0,71.29,433.5,1175.25,19.41,188.9,86.01,81.63,2.81,2.52,2.51
2024-06-25 00:00:00-04:00,2316.6,28.84,4.38,2421.25,231.2,72.6,425.5,1163.25,19.1,189.48,85.01,80.83,2.76,2.51,2.51
2024-06-26 00:00:00-04:00,2299.2,28.91,4.37,2434.5,226.35,72.7,420.0,1162.75,19.24,192.93,85.25,80.9,2.63,2.54,2.54
2024-06-27 00:00:00-04:00,2324.5,28.92,4.33,2436.0,228.25,72.02,413.75,1152.25,20.12,194.18,86.39,81.74,2.68,2.55,2.55
2024-06-28 00:00:00-04:00,2327.7,29.24,4.39,2457.25,228.95,69.81,397.25,1150.5,20.31,193.5,86.41,81.54,2.6,2.52,2.53
2024-07-01 00:00:00-04:00,2327.6,29.3,4.43,2444.25,226.7,70.07,398.25,1159.5,20.23,184.27,86.6,83.38,2.48,2.61,2.58
2024-07-02 00:00:00-04:00,2323.0,29.35,4.43,2450.0,229.1,69.33,402.0,1165.0,20.61,185.1,86.24,82.81,2.43,2.63,2.57
2024-07-03 00:00:00-04:00,2359.8,30.55,4.54,2483.75,225.95,68.68,403.5,1176.5,20.53,185.93,87.34,83.88,2.42,2.63,2.6
2024-07-05 00:00:00-04:00,2388.5,31.39,4.66,2457.5,230.3,67.31,411.25,1188.5,20.14,186.43,86.54,83.16,2.32,2.6,2.56
2024-07-08 00:00:00-04:00,2355.2,30.62,4.62,2456.25,236.2,67.32,395.75,1174.25,20.13,184.35,85.75,82.33,2.37,2.58,2.54
2024-07-09 00:00:00-04:00,2360.1,30.77,4.58,2420.25,252.0,66.96,400.25,1161.5,19.62,182.35,84.66,81.41,2.34,2.52,2.53
2024-07-10 00:00:00-04:00,2372.2,30.73,4.61,2400.0,245.7,69.33,403.25,1141.25,19.81,182.25,85.08,82.1,2.33,2.52,2.5
2024-07-11 00:00:00-04:00,2415.0,31.39,4.51,2390.25,246.75,69.06,406.75,1142.75,19.43,182.25,85.4,82.62,2.27,2.52,2.52
2024-07-12 00:00:00-04:00,2414.0,30.89,4.6,2388.25,250.45,68.92,400.0,1134.5,19.2,182.38,85.03,82.21,2.33,2.51,2.52
2024-07-15 00:00:00-04:00,2422.9,30.67,4.53,2362.0,244.15,70.86,390.5,1078.0,19.76,182.12,84.85,81.91,2.16,2.51,2.49
2024-07-16 00:00:00-04:00,2462.4,31.19,4.44,2314.5,245.4,70.37,395.75,1090.5,19.62,182.68,83.73,80.76,2.19,2.47,2.48
2024-07-17 00:00:00-04:00,2454.8,30.14,4.4,2313.25,247.35,71.12,398.0,1097.25,19.36,184.27,85.08,82.85,2.04,2.49,2.5
2024-07-18 00:00:00-04:00,2451.8,30.0,4.27,2292.75,243.4,71.37,391.25,1098.5,18.94,182.25,85.11,82.82,2.12,2.49,2.52
2024-07-19 00:00:00-04:00,2395.5,29.09,4.22,2263.5,238.2,69.98,390.5,1097.25,18.66,183.1,82.63,80.13,2.13,2.42,2.45
2024-07-22 00:00:00-04:00,2392.0,29.12,4.18,2210.5,243.05,70.13,400.25,1117.75,18.3,183.93,82.4,79.78,2.25,2.43,2.47
2024-07-23 00:00:00-04:00,2404.6,29.13,4.15,2211.5,239.1,68.03,402.5,1117.5,18.16,186.3,81.01,76.96,2.19,2.41,2.41
2024-07-24 00:00:00-04:00,2413.3,29.12,4.1,2219.0,231.15,67.01,403.75,1111.0,17.91,186.9,81.71,77.59,2.12,2.45,2.45
2024-07-25 00:00:00-04:00,2351.9,27.81,4.11,2188.0,234.7,67.21,406.0,1116.0,18.66,188.9,82.37,78.28,2.04,2.47,2.47
2024-07-26 00:00:00-04:00,2380.0,27.86,4.1,2212.0,230.25,66.07,394.5,1077.5,18.42,188.57,81.13,77.16,2.01,2.42,2.46
2024-07-29 00:00:00-04:00,2377.3,27.7,4.06,2163.5,230.4,67.51,396.25,1054.75,19.01,186.98,79.78,75.81,1.91,2.38,2.42
2024-07-30 00:00:00-04:00,2405.0,28.36,4.06,2125.0,230.8,68.15,388.75,1027.25,19.12,187.7,78.63,74.73,2.13,2.34,2.39
2024-07-31 00:00:00-04:00,2426.5,28.78,4.16,2189.0,229.2,67.98,382.75,1028.5,18.94,187.12,80.72,77.91,2.04,2.42,2.48
2024-08-01 00:00:00-04:00,2435.0,28.33,4.07,2176.25,227.25,66.88,382.0,1022.0,18.5,184.8,79.52,76.31,1.97,2.41,2.4
2024-08-02 00:00:00-04:00,2425.7,28.25,4.08,2155.0,230.5,67.18,386.5,1029.25,18.1,184.1,76.81,73.52,1.97,2.32,2.32
2024-08-05 00:00:00-04:00,2401.7,27.08,3.98,2134.75,225.7,66.55,390.75,1044.25,18.08,181.55,76.3,72.94,1.94,2.3,2.33
2024-08-06 00:00:00-04:00,2389.1,27.1,4.01,2181.0,235.95,66.2,388.75,1028.5,17.87,181.98,76.48,73.2,2.01,2.3,2.33
2024-08-07 00:00:00-04:00,2390.5,26.83,3.94,2177.25,246.3,66.47,383.25,1020.25,18.14,182.27,78.33,75.23,2.11,2.36,2.36
2024-08-08 00:00:00-04:00,2422.2,27.5,3.94,2167.0,245.3,65.79,379.25,1009.75,18.57,182.05,79.16,76.19,2.13,2.36,2.4
2024-08-09 00:00:00-04:00,2432.1,27.49,3.98,2182.25,234.05,67.09,376.75,1028.0,18.48,184.25,79.66,76.84,2.14,2.34,2.39
2024-08-12 00:00:00-04:00,2462.4,27.92,4.05,2199.0,240.85,68.29,383.25,1012.0,18.29,183.32,82.3,80.06,2.19,2.41,2.44
2024-08-13 00:00:00-04:00,2466.7,27.69,4.04,2211.0,232.7,67.1,377.75,989.0,18.39,184.0,80.69,78.35,2.15,2.39,2.37
2024-08-14 00:00:00-04:00,2439.4,27.25,4.03,2211.0,237.0,66.18,381.0,979.75,17.97,184.6,79.76,76.98,2.22,2.37,2.32
2024-08-15 00:00:00-04:00,2453.1,28.34,4.14,2237.0,239.9,66.34,375.0,951.5,17.88,184.05,81.04,78.16,2.2,2.38,2.36
2024-08-16 00:00:00-04:00,2498.6,28.78,4.13,2235.5,245.45,66.46,370.5,938.75,18.03,182.8,79.68,76.65,2.12,2.33,2.31
2024-08-19 00:00:00-04:00,2501.8,29.24,4.17,2308.75,245.9,67.98,378.0,956.25,18.02,182.8,77.66,74.37,2.23,2.26,2.26
2024-08-20 00:00:00-04:00,2511.3,29.45,4.15,2357.0,249.45,68.8,375.0,957.25,17.57,181.02,77.2,74.04,2.2,2.26,2.26
2024-08-21 00:00:00-04:00,2508.4,29.48,4.18,2346.75,249.45,69.71,375.5,963.0,17.65,181.23,76.05,71.93,2.18,2.25,2.2
2024-08-22 00:00:00-04:00,2478.9,29.01,4.14,2350.25,246.8,69.59,371.5,941.25,17.85,182.55,77.22,73.01,2.05,2.26,2.24
2024-08-23 00:00:00-04:00,2508.4,29.79,4.19,2419.5,251.2,71.29,367.75,952.0,18.39,182.57,79.02,74.83,2.02,2.3,2.29
2024-08-26 00:00:00-04:00,2517.7,29.98,4.21,2412.5,253.65,70.58,362.0,959.75,19.04,183.6,81.43,77.42,1.96,2.35,2.28
2024-08-27 00:00:00-04:00,2516.0,29.95,4.23,2418.25,259.4,70.02,367.25,967.5,19.6,185.18,79.55,75.53,1.9,2.29,2.25
2024-08-28 00:00:00-04:00,2501.0,29.18,4.14,2363.0,260.45,68.74,365.25,958.5,19.54,183.75,78.65,74.52,1.93,2.23,2.21
2024-08-29 00:00:00-04:00,2525.7,29.56,4.15,2344.75,251.8,70.13,371.75,973.75,19.89,184.88,79.94,75.91,2.14,2.28,2.25
2024-08-30 00:00:00-04:00,2493.8,28.73,4.14,2342.5,248.2,69.79,378.0,982.0,19.38,185.85,78.8,73.55,2.13,2.25,2.21
2024-09-03 00:00:00-04:00,2489.9,27.95,4.03,2294.5,246.75,70.76,386.5,997.0,19.49,179.27,73.75,70.34,2.2,2.21,1.98
2024-09-04 00:00:00-04:00,2493.4,28.17,4.02,2293.0,245.55,69.89,390.5,1006.0,19.24,179.23,72.7,69.2,2.14,2.16,1.96
2024-09-05 00:00:00-04:00,2511.4,28.72,4.08,2269.5,246.6,69.49,390.0,1008.25,19.22,177.25,72.69,69.15,2.25,2.17,1.93
2024-09-06 00:00:00-04:00,2493.5,27.81,4.01,2258.0,240.05,67.12,383.75,989.25,18.91,175.18,71.06,67.67,2.28,2.12,1.9
2024-09-09 00:00:00-04:00,2501.8,28.29,4.08,2257.5,249.45,67.54,384.25,1000.0,18.83,176.93,71.84,68.71,2.17,2.14,1.92
2024-09-10 00:00:00-04:00,2512.3,28.26,4.04,2259.5,248.0,68.08,379.5,977.5,18.47,176.32,69.19,65.75,2.23,2.06,1.87
2024-09-11 00:00:00-04:00,2512.1,28.56,4.08,2300.0,249.45,69.31,380.5,979.75,18.73,176.95,70.61,67.31,2.27,2.09,1.9
2024-09-12 00:00:00-04:00,2551.2,29.74,4.13,2334.5,252.0,70.05,386.25,991.5,19.07,178.02,71.97,68.97,2.36,2.12,1.93
2024-09-13 00:00:00-04:00,2581.3,30.7,4.18,2380.0,262.05,69.48,390.75,986.75,19.01,177.65,71.61,68.65,2.31,2.08,1.93
2024-09-16 00:00:00-04:00,2580.4,30.77,4.21,2437.5,259.05,71.75,410.75,1004.5,19.18,177.23,72.75,70.09,2.37,2.1,1.97
2024-09-17 00:00:00-04:00,2564.3,30.62,4.21,2430.25,265.0,70.81,412.5,1006.0,19.98,178.8,73.7,71.19,2.32,2.14,2.0
2024-09-18 00:00:00-04:00,2570.7,30.34,4.24,2437.5,263.15,69.68,412.75,1014.0,21.16,178.3,73.65,70.91,2.28,2.15,2.01
2024-09-19 00:00:00-04:00,2588.0,31.09,4.29,2463.25,261.65,71.58,405.75,1013.25,21.93,179.98,74.88,71.95,2.35,2.17,2.06
2024-09-20 00:00:00-04:00,2619.9,31.18,4.28,2402.25,250.75,72.21,401.75,1012.0,22.66,182.48,74.49,71.92,2.43,2.16,2.04
2024-09-23 00:00:00-04:00,2626.5,30.77,4.29,2408.0,263.65,71.7,413.5,1039.25,22.55,183.25,73.9,70.37,2.61,2.15,1.99
2024-09-24 00:00:00-04:00,2651.2,32.11,4.43,2484.5,267.8,73.1,411.75,1042.25,23.12,183.2,75.17,71.56,2.55,2.18,2.03
2024-09-25 00:00:00-04:00,2659.2,31.7,4.43,2451.75,269.1,74.02,415.25,1053.25,23.42,183.05,73.46,69.69,2.64,2.16,2.0
2024-09-26 00:00:00-04:00,2669.9,32.03,4.58,2543.0,273.9,73.86,413.25,1041.0,23.31,184.1,71.6,67.67,2.59,2.14,1.96
2024-09-27 00:00:00-04:00,2644.3,31.52,4.54,2579.0,269.15,73.54,418.0,1065.75,22.79,183.75,71.98,68.18,2.9,2.13,1.95
2024-09-30 00:00:00-04:00,2636.1,31.16,4.5,2534.25,270.25,73.56,424.75,1057.0,22.67,183.77,71.77,68.17,2.92,2.13,1.96
2024-10-01 00:00:00-04:00,2667.3,31.44,4.54,2564.75,264.15,73.0,429.0,1057.25,22.97,184.48,73.56,69.83,2.9,2.17,1.97
2024-10-02 00:00:00-04:00,2647.1,31.63,4.6,2580.5,256.5,73.16,432.5,1056.0,22.68,187.43,73.9,70.1,2.89,2.18,1.99
2024-10-03 00:00:00-04:00,2657.1,32.19,4.5,2551.25,252.05,72.49,428.25,1046.0,23.24,186.0,77.62,73.71,2.97,2.29,2.09
2024-10-04 00:00:00-04:00,2645.8,32.13,4.52,2583.75,257.35,73.03,424.75,1037.75,23.01,187.0,78.05,74.38,2.85,2.31,2.1
2024-10-07 00:00:00-04:00,2644.8,31.75,4.52,2590.5,244.65,73.29,426.0,1034.0,22.55,187.48,80.93,77.14,2.75,2.4,2.15
2024-10-08 00:00:00-04:00,2615.0,30.35,4.41,2496.25,248.2,72.03,420.75,1016.25,22.49,188.48,77.18,73.57,2.73,2.3,2.07
2024-10-09 00:00:00-04:00,2606.0,30.42,4.36,2463.0,250.05,72.01,421.0,1020.25,22.04,188.2,76.58,73.24,2.66,2.28,2.07
2024-10-10 00:00:00-04:00,2620.6,31.0,4.39,2520.75,254.75,72.66,418.5,1014.75,22.16,189.18,79.4,75.85,2.67,2.35,2.15
2024-10-11 00:00:00-04:00,2657.6,31.52,4.45,2569.75,252.05,72.21,415.75,1005.5,22.24,188.6,79.04,75.56,2.63,2.34,2.15
2024-10-14 00:00:00-04:00,2647.8,31.08,4.36,2533.75,262.05,71.03,408.25,996.0,22.39,188.25,77.46,73.83,2.49,2.27,2.11
2024-10-15 00:00:00-04:00,2661.4,31.53,4.3,2515.5,256.7,70.62,401.25,991.0,22.82,186.73,74.25,70.58,2.5,2.19,2.04
2024-10-16 00:00:00-04:00,2674.0,31.76,4.33,2525.25,258.0,71.26,404.75,980.0,22.0,187.05,74.22,70.39,2.37,2.17,2.04
2024-10-17 00:00:00-04:00,2691.0,31.57,4.29,2503.75,255.15,70.76,406.75,988.75,22.16,186.62,74.45,70.67,2.35,2.19,2.05
2024-10-18 00:00:00-04:00,2713.7,33.03,4.35,2566.25,257.3,70.99,404.75,970.0,22.18,187.62,73.06,69.22,2.26,2.15,2.0
2024-10-21 00:00:00-04:00,2723.1,33.87,4.32,2541.5,251.7,72.2,409.5,981.0,21.83,187.0,74.29,70.56,2.31,2.18,2.01
2024-10-22 00:00:00-04:00,2744.2,34.83,4.35,2574.5,249.85,72.08,416.5,991.75,21.73,188.05,76.04,72.09,2.31,2.24,2.07
2024-10-23 00:00:00-04:00,2714.4,33.64,4.3,2612.25,252.35,72.51,419.0,997.5,22.34,187.62,74.96,70.77,2.34,2.22,2.04
2024-10-24 00:00:00-04:00,2734.9,33.61,4.32,2597.25,245.45,71.53,421.5,996.25,22.2,189.3,74.38,70.19,2.52,2.2,2.03
2024-10-25 00:00:00-04:00,2740.9,33.6,4.34,2629.0,248.4,70.66,415.25,987.75,22.14,189.7,76.05,71.78,2.56,2.24,2.08
2024-10-28 00:00:00-04:00,2742.9,33.83,4.33,2590.5,252.35,70.36,410.75,974.0,21.96,190.18,71.42,67.38,2.31,2.13,1.97
2024-10-29 00:00:00-04:00,2768.4,34.27,4.33,2606.0,248.1,70.56,413.75,965.25,22.08,189.3,71.12,67.21,2.35,2.13,1.95
2024-10-30 00:00:00-04:00,2788.5,33.91,4.33,2563.0,249.6,69.92,411.5,976.5,22.22,188.4,72.55,68.61,2.85,2.19,2.0
2024-10-31 00:00:00-04:00,2738.3,32.65,4.31,2560.5,245.9,69.57,410.75,982.5,22.74,193.0,73.16,69.26,2.71,2.22,2.0
2024-11-01 00:00:00-04:00,2738.6,32.54,4.35,2546.25,242.95,70.17,414.5,982.5,22.07,185.93,73.1,69.49,2.66,2.23,1.97
2024-11-04 00:00:00-05:00,2736.1,32.48,4.41,2560.75,245.95,69.93,416.5,987.25,21.93,185.07,75.08,71.47,2.78,2.28,2.02
2024-11-05 00:00:00-05:00,2740.3,32.65,4.45,2616.75,250.15,69.95,418.5,993.75,21.9,184.77,75.53,71.99,2.67,2.3,2.04
2024-11-06 00:00:00-05:00,2667.6,31.22,4.22,2548.75,248.75,69.69,426.25,994.5,22.03,185.4,74.92,71.69,2.75,2.27,2.04
2024-11-07 00:00:00-05:00,2698.4,31.76,4.41,2654.5,260.4,71.05,427.5,1015.5,22.2,185.82,75.63,72.36,2.69,2.29,2.05
2024-11-08 00:00:00-05:00,2687.5,31.36,4.29,2561.75,253.35,70.98,431.0,1016.75,21.82,183.7,73.87,70.38,2.67,2.24,2.01
2024-11-11 00:00:00-05:00,2611.2,30.54,4.21,2502.5,256.2,69.69,430.0,1011.75,21.36,183.7,71.83,68.04,2.92,2.2,1.96
2024-11-12 00:00:00-05:00,2600.0,30.69,4.12,2471.0,263.55,68.77,428.5,1003.5,21.35,184.4,71.89,68.12,2.91,2.21,1.96
2024-11-13 00:00:00-05:00,2580.8,30.59,4.07,2452.25,271.65,68.9,426.5,1004.25,21.17,184.02,72.28,68.43,2.98,2.22,1.97
2024-11-14 00:00:00-05:00,2568.2,30.51,4.07,2428.5,278.95,68.32,419.0,985.75,21.56,182.95,72.56,68.7,2.79,2.21,1.98
2024-11-15 00:00:00-05:00,2565.7,30.37,4.05,2566.75,281.8,66.8,424.0,998.5,21.58,182.95,71.04,67.02,2.82,2.17,1.95
2024-11-18 00:00:00-05:00,2610.6,31.16,4.11,2535.5,280.75,66.62,429.25,1009.75,22.2,184.1,73.3,69.16,2.97,2.25,2.02
2024-11-19 00:00:00-05:00,2627.1,31.21,4.13,2575.25,279.75,66.89,427.25,998.5,22.02,186.57,73.31,69.39,3.0,2.24,2.04
2024-11-20 00:00:00-05:00,2648.2,30.96,4.14,2573.25,295.3,68.46,430.25,990.5,21.65,186.3,72.81,68.87,3.19,2.23,2.05
2024-11-21 00:00:00-05:00,2672.1,30.91,4.11,2570.5,298.65,69.19,426.75,977.75,21.38,185.6,74.23,70.1,3.34,2.27,2.06
2024-11-22 00:00:00-05:00,2709.9,31.31,4.07,2556.0,305.25,71.65,425.5,983.5,21.36,186.77,75.17,71.24,3.13,2.27,2.06
2024-11-25 00:00:00-05:00,2616.8,30.21,4.09,2580.75,308.35,73.2,424.75,985.75,21.15,186.5,73.01,68.94,3.37,2.24,2.0
2024-11-26 00:00:00-05:00,2620.3,30.39,4.04,2555.25,312.15,73.37,420.0,983.5,21.57,186.9,72.81,68.77,3.43,2.24,1.99
2024-11-27 00:00:00-05:00,2639.9,30.11,4.07,2556.5,326.15,73.57,415.75,988.75,21.69,188.0,72.83,68.72,3.2,2.2,1.97
2024-11-29 00:00:00-05:00,2657.0,30.68,4.08,2562.0,321.65,73.35,423.0,989.5,21.08,187.98,72.94,68.0,3.36,2.19,1.94
2024-12-02 00:00:00-05:00,2634.9,30.45,4.08,2559.0,299.2,72.43,424.5,985.25,21.07,187.52,71.83,68.1,3.21,2.18,1.92
2024-12-03 00:00:00-05:00,2644.7,31.08,4.15,2590.5,297.7,72.69,423.25,991.75,21.37,188.48,73.62,69.94,3.04,2.22,1.96
2024-12-04 00:00:00-05:00,2653.8,31.5,4.14,2625.25,305.95,72.6,422.0,983.75,21.26,188.38,72.31,68.54,3.04,2.17,1.94
2024-12-05 00:00:00-05:00,2626.6,31.13,4.14,2614.25,315.75,72.39,426.5,993.75,21.2,186.98,72.09,68.3,3.08,2.16,1.93
2024-12-06 00:00:00-05:00,2638.6,31.19,4.14,2549.0,332.5,71.4,430.75,993.75,21.81,187.38,71.12,67.2,3.08,2.13,1.91
2024-12-09 00:00:00-05:00,2664.9,32.22,4.22,2524.5,332.3,69.95,434.0,990.0,21.5,187.8,72.14,68.37,3.18,2.18,1.95
2024-12-10 00:00:00-05:00,2697.6,32.36,4.22,2518.25,335.65,69.48,440.5,994.75,21.04,189.85,72.19,68.59,3.16,2.19,1.96
2024-12-11 00:00:00-05:00,2733.8,32.56,4.21,2535.0,321.7,70.15,438.0,995.5,21.28,192.25,73.52,70.29,3.38,2.22,1.99
2024-12-12 00:00:00-05:00,2687.5,31.23,4.2,2535.5,322.6,70.09,431.75,995.75,20.89,192.12,73.41,70.02,3.45,2.24,1.99
2024-12-13 00:00:00-05:00,2656.0,30.66,4.15,2521.25,320.85,69.27,430.0,988.25,20.72,193.65,74.49,71.29,3.28,2.27,2.0
2024-12-16 00:00:00-05:00,2651.4,30.7,4.14,2488.75,328.75,69.06,445.0,982.0,20.68,192.02,73.91,70.71,3.21,2.26,1.98
2024-12-17 00:00:00-05:00,2644.4,30.57,4.09,2464.0,325.45,68.69,443.5,976.75,19.84,192.25,73.19,70.08,3.31,2.23,1.94
2024-12-18 00:00:00-05:00,2636.5,30.41,4.1,2467.0,333.15,68.08,437.25,951.75,19.65,191.3,73.39,70.58,3.37,2.26,1.94
2024-12-19 00:00:00-05:00,2592.2,29.09,4.02,2448.25,323.75,67.91,440.75,963.0,19.4,190.35,72.88,69.91,3.58,2.24,1.92
2024-12-20 00:00:00-05:00,2628.7,29.66,4.04,2481.0,325.0,68.06,446.25,974.5,19.51,191.32,72.94,69.46,3.75,2.23,1.94
2024-12-23 00:00:00-05:00,2612.3,29.89,4.02,2477.25,327.25,69.42,447.75,969.5,19.54,190.98,72.63,69.24,3.66,2.23,1.94
2024-12-24 00:00:00-05:00,2620.0,29.97,4.05,2532.0,328.6,68.78,448.5,975.25,19.54,190.8,73.58,70.1,3.95,2.22,1.96
2024-12-26 00:00:00-05:00,2638.8,30.05,4.07,2507.0,324.65,68.75,453.75,988.0,19.26,192.77,73.26,69.62,3.71,2.21,1.95
2024-12-27 00:00:00-05:00,2617.2,29.66,4.06,2530.0,322.65,68.89,454.0,980.0,19.37,193.5,74.17,70.6,3.51,2.24,1.96
2024-12-30 00:00:00-05:00,2606.1,29.11,4.05,2545.25,321.0,68.48,452.25,982.0,19.13,194.07,74.39,70.99,3.94,2.3,1.98
2024-12-31 00:00:00-05:00,2629.2,28.94,3.99,2521.75,319.75,68.4,458.5,998.25,19.26,193.85,74.64,71.72,3.63,2.32,2.0
2025-01-02 00:00:00-05:00,2658.9,29.62,3.99,2498.25,326.85,68.57,459.5,999.5,19.73,193.6,75.93,73.13,3.66,2.35,2.05
2025-01-03 00:00:00-05:00,2645.0,29.81,4.04,2458.0,318.65,67.66,450.75,981.0,19.65,194.05,76.51,73.96,3.35,2.35,2.05
2025-01-06 00:00:00-05:00,2638.4,30.34,4.13,2469.25,318.6,68.68,457.75,992.5,19.33,195.2,76.3,73.56,3.67,2.36,2.04
2025-01-07 00:00:00-05:00,2656.7,30.45,4.16,2491.75,320.5,68.51,458.0,992.25,19.45,195.57,77.05,74.25,3.45,2.37,2.03
2025-01-08 00:00:00-05:00,2664.5,30.45,4.23,2467.0,316.45,68.23,454.0,987.5,19.24,193.7,76.16,73.32,3.65,2.35,2.01
2025-01-09 00:00:00-05:00,2683.8,30.79,4.28,2507.5,318.5,68.5,456.0,992.25,19.1,197.6,76.92,73.92,3.7,2.38,2.03
2025-01-10 00:00:00-05:00,2708.5,31.09,4.27,2549.25,323.85,67.01,470.5,1013.5,19.22,198.77,79.76,76.57,3.99,2.5,2.07
2025-01-13 00:00:00-05:00,2673.5,30.09,4.3,2568.5,325.95,67.64,476.5,1041.5,18.9,197.4,81.01,78.82,3.93,2.53,2.1
2025-01-14 00:00:00-05:00,2677.5,30.13,4.31,2571.75,321.95,67.5,474.5,1043.0,18.32,197.4,79.92,77.5,3.97,2.53,2.1
2025-01-15 00:00:00-05:00,2712.5,31.32,4.36,2608.25,330.45,67.77,478.75,1042.75,18.01,198.52,82.03,80.04,4.08,2.61,2.16
2025-01-16 00:00:00-05:00,2746.4,31.52,4.41,2655.5,327.15,66.73,474.5,1019.0,18.41,196.6,81.29,78.68,4.26,2.62,2.12
2025-01-17 00:00:00-05:00,2744.3,30.95,4.34,2686.75,328.35,67.6,484.25,1034.0,18.22,196.75,80.79,77.88,3.95,2.62,2.11
2025-01-20 00:00:00-05:00,2730.3,30.89,4.28,2686.75,328.35,67.6,484.25,1034.0,18.22,196.75,79.94,76.89,3.83,2.6,2.11
2025-01-21 00:00:00-05:00,2755.0,31.31,4.31,2663.5,327.8,67.66,490.0,1067.25,17.79,197.05,79.29,75.89,3.76,2.56,2.08
2025-01-22 00:00:00-05:00,2767.6,31.24,4.27,2638.5,341.85,67.14,484.25,1056.0,18.16,200.05,79.0,75.44,3.96,2.48,2.06
2025-01-23 00:00:00-05:00,2763.1,30.67,4.3,2634.5,343.95,67.47,489.75,1065.5,18.69,201.1,78.29,74.62,3.94,2.47,2.07
2025-01-24 00:00:00-05:00,2777.3,31.02,4.29,2657.75,347.55,67.61,486.5,1055.75,19.02,204.77,78.5,74.66,4.03,2.52,2.05
2025-01-27 00:00:00-05:00,2737.5,30.25,4.2,2602.75,349.2,67.27,482.0,1045.0,19.17,205.68,77.08,73.17,3.7,2.46,2.03
2025-01-28 00:00:00-05:00,2766.8,30.73,4.22,2563.0,357.5,66.98,485.25,1045.0,19.23,208.55,77.49,73.77,3.47,2.45,2.05
2025-01-29 00:00:00-05:00,2769.1,31.24,4.26,2612.25,366.55,66.66,497.0,1060.5,19.45,207.02,76.58,72.62,3.54,2.45,2.04
2025-01-30 00:00:00-05:00,2823.0,32.36,4.29,2618.75,373.4,66.27,490.25,1044.0,19.47,204.48,76.87,72.73,3.05,2.48,2.04
2025-01-31 00:00:00-05:00,2812.5,32.13,4.26,2586.0,377.85,65.88,482.0,1042.0,19.35,204.6,76.76,72.53,3.04,2.48,2.04
2025-02-03 00:00:00-05:00,2833.9,32.39,4.29,2617.0,380.9,66.04,488.75,1058.25,19.26,202.98,75.96,73.16,3.35,2.46,2.12
2025-02-04 00:00:00-05:00,2853.3,32.89,4.34,2631.0,383.35,66.94,494.5,1075.0,19.66,201.88,76.2,72.7,3.25,2.43,2.1
2025-02-05 00:00:00-05:00,2871.6,32.86,4.43,2601.5,397.75,66.04,493.25,1057.0,19.76,203.6,74.61,71.03,3.36,2.38,2.05
2025-02-06 00:00:00-05:00,2856.0,32.52,4.45,2620.75,403.95,66.03,495.25,1060.5,19.57,200.62,74.29,70.61,3.41,2.4,2.07
2025-02-07 00:00:00-05:00,2867.3,32.33,4.58,2623.75,404.35,65.63,487.5,1049.5,19.36,200.77,74.66,71.0,3.31,2.43,2.11
