Date,Arabic Coffee,Cotton,Corn,Soybean,White Sugar,Live Cattle
2023-02-09 00:00:00-05:00,173.64999389648438,85.5,670.75,1519.25,21.450000762939453,160.8249969482422
2023-02-10 00:00:00-05:00,174.75,85.2699966430664,680.5,1542.5,21.579999923706055,161.1999969482422
2023-02-13 00:00:00-05:00,177.0500030517578,85.63999938964844,685.0,1542.75,21.200000762939453,162.27499389648438
2023-02-14 00:00:00-05:00,183.5500030517578,85.4000015258789,682.25,1537.5,21.56999969482422,162.14999389648438
2023-02-15 00:00:00-05:00,176.85000610351562,82.55000305175781,676.25,1525.75,21.3799991607666,162.5500030517578
2023-02-16 00:00:00-05:00,180.6999969482422,81.25,676.0,1526.5,21.450000762939453,162.77499389648438
2023-02-17 00:00:00-05:00,188.6999969482422,80.25,677.75,1527.25,21.40999984741211,163.5749969482422
2023-02-21 00:00:00-05:00,194.4499969482422,80.91999816894531,680.5,1548.75,21.329999923706055,164.75
2023-02-22 00:00:00-05:00,199.5,82.25,674.0,1539.5,21.290000915527344,164.89999389648438
2023-02-23 00:00:00-05:00,193.64999389648438,82.41000366210938,660.25,1534.25,21.579999923706055,165.14999389648438
2023-02-24 00:00:00-05:00,191.1999969482422,85.12999725341797,650.0,1529.0,21.280000686645508,165.1999969482422
2023-02-27 00:00:00-05:00,190.6999969482422,85.0,642.75,1518.25,22.09000015258789,165.0
2023-02-28 00:00:00-05:00,190.39999389648438,84.19000244140625,629.5,1490.5,22.079999923706055,167.5
2023-03-01 00:00:00-05:00,185.3000030517578,84.56999969482422,640.5,1504.25,20.56999969482422,165.125
2023-03-02 00:00:00-05:00,183.9499969482422,82.8499984741211,637.75,1519.75,20.309999465942383,164.10000610351562
2023-03-03 00:00:00-05:00,180.8000030517578,84.37000274658203,645.25,1530.5,20.920000076293945,165.4250030517578
2023-03-06 00:00:00-05:00,182.4499969482422,84.86000061035156,644.5,1541.0,20.8700008392334,166.10000610351562
2023-03-07 00:00:00-05:00,184.5500030517578,82.88999938964844,642.0,1525.25,21.020000457763672,165.97500610351562
2023-03-08 00:00:00-05:00,179.5500030517578,82.73999786376953,634.5,1526.75,20.8799991607666,165.4499969482422
2023-03-09 00:00:00-05:00,178.0,82.30000305175781,618.5,1520.0,21.149999618530273,164.8000030517578
2023-03-10 00:00:00-05:00,182.25,78.18000030517578,624.25,1513.0,21.15999984741211,164.27499389648438
2023-03-13 00:00:00-04:00,183.1999969482422,81.18000030517578,624.5,1500.0,20.799999237060547,163.5500030517578
2023-03-14 00:00:00-04:00,180.89999389648438,81.37000274658203,627.5,1499.75,20.68000030517578,163.0500030517578
2023-03-15 00:00:00-04:00,178.0500030517578,79.11000061035156,626.5,1489.25,20.5,161.5500030517578
2023-03-16 00:00:00-04:00,185.5,79.16000366210938,632.75,1491.5,20.760000228881836,162.35000610351562
2023-03-17 00:00:00-04:00,183.0,77.83000183105469,634.25,1476.5,20.670000076293945,162.3249969482422
2023-03-20 00:00:00-04:00,184.89999389648438,77.22000122070312,633.0,1486.0,20.479999542236328,162.02499389648438
2023-03-21 00:00:00-04:00,186.6999969482422,77.8499984741211,630.0,1467.0,20.799999237060547,162.4250030517578
2023-03-22 00:00:00-04:00,178.0,78.27999877929688,633.5,1448.5,21.139999389648438,162.3000030517578
2023-03-23 00:00:00-04:00,174.3000030517578,77.58000183105469,631.75,1419.5,20.889999389648438,162.14999389648438
2023-03-24 00:00:00-04:00,179.25,76.54000091552734,643.0,1428.25,20.81999969482422,163.0
2023-03-27 00:00:00-04:00,176.89999389648438,79.5199966430664,648.25,1442.25,20.93000030517578,164.89999389648438
2023-03-28 00:00:00-04:00,173.75,82.5199966430664,647.25,1467.75,21.309999465942383,164.9499969482422
2023-03-29 00:00:00-04:00,169.6999969482422,82.76000213623047,650.5,1477.25,21.25,165.8249969482422
2023-03-30 00:00:00-04:00,169.8000030517578,83.5,649.5,1474.5,21.959999084472656,167.5500030517578
2023-03-31 00:00:00-04:00,170.5,82.77999877929688,660.5,1505.5,22.25,168.35000610351562
2023-04-03 00:00:00-04:00,176.25,82.37999725341797,657.75,1522.0,22.399999618530273,168.125
2023-04-04 00:00:00-04:00,174.85000610351562,81.05000305175781,653.75,1517.5,22.469999313354492,167.60000610351562
2023-04-05 00:00:00-04:00,180.14999389648438,81.06999969482422,652.75,1511.0,22.950000762939453,168.39999389648438
2023-04-06 00:00:00-04:00,183.60000610351562,83.19999694824219,643.5,1492.5,23.610000610351562,171.0749969482422
2023-04-10 00:00:00-04:00,182.60000610351562,82.44999694824219,654.0,1487.25,23.559999465942383,171.375
2023-04-11 00:00:00-04:00,190.5,82.75,651.0,1497.25,24.3700008392334,172.3000030517578
2023-04-12 00:00:00-04:00,190.25,82.44999694824219,656.0,1504.25,24.049999237060547,174.27499389648438
2023-04-13 00:00:00-04:00,196.10000610351562,83.3499984741211,652.25,1501.0,24.040000915527344,175.5
2023-04-14 00:00:00-04:00,193.39999389648438,82.86000061035156,666.25,1500.5,24.100000381469727,174.75
2023-04-17 00:00:00-04:00,201.0,83.30000305175781,676.5,1517.0,24.440000534057617,175.75
2023-04-18 00:00:00-04:00,205.25,84.55000305175781,677.5,1519.25,24.540000915527344,176.47500610351562
2023-04-19 00:00:00-04:00,202.5500030517578,83.23999786376953,672.25,1506.5,24.3700008392334,175.4250030517578
2023-04-20 00:00:00-04:00,195.89999389648438,79.23999786376953,663.75,1497.5,25.25,174.10000610351562
2023-04-21 00:00:00-04:00,194.1999969482422,78.41000366210938,663.25,1483.5,24.829999923706055,173.97500610351562
2023-04-24 00:00:00-04:00,196.75,78.9800033569336,651.25,1465.25,25.90999984741211,174.3000030517578
2023-04-25 00:00:00-04:00,192.4499969482422,77.0,646.5,1445.25,26.649999618530273,174.3000030517578
2023-04-26 00:00:00-04:00,195.85000610351562,76.51000213623047,641.5,1436.0,26.510000228881836,174.52499389648438
2023-04-27 00:00:00-04:00,192.10000610351562,78.62999725341797,627.0,1426.75,26.989999771118164,175.4499969482422
2023-04-28 00:00:00-04:00,189.85000610351562,79.02999877929688,636.0,1444.25,26.989999771118164,175.1750030517578
2023-05-01 00:00:00-04:00,189.25,79.54000091552734,639.5,1454.75,25.540000915527344,164.875
2023-05-02 00:00:00-04:00,190.64999389648438,78.5999984741211,638.0,1439.5,25.139999389648438,162.89999389648438
2023-05-03 00:00:00-04:00,189.1999969482422,76.98999786376953,645.25,1448.0,25.170000076293945,161.64999389648438
2023-05-04 00:00:00-04:00,186.39999389648438,79.98999786376953,646.5,1448.5,25.520000457763672,161.5749969482422
2023-05-05 00:00:00-04:00,191.0,82.12999725341797,653.25,1469.0,26.31999969482422,161.9250030517578
2023-05-08 00:00:00-04:00,186.89999389648438,81.52999877929688,656.5,1468.75,26.09000015258789,162.4250030517578
2023-05-09 00:00:00-04:00,188.0,80.98999786376953,642.25,1451.75,26.190000534057617,163.9250030517578
2023-05-10 00:00:00-04:00,187.4499969482422,80.76000213623047,645.5,1436.5,26.65999984741211,163.0
2023-05-11 00:00:00-04:00,185.8000030517578,79.62000274658203,632.5,1443.25,26.020000457763672,162.9499969482422
2023-05-12 00:00:00-04:00,186.0,80.52999877929688,633.25,1435.0,26.219999313354492,164.39999389648438
2023-05-15 00:00:00-04:00,193.0500030517578,82.37000274658203,592.5,1400.75,26.290000915527344,164.3249969482422
2023-05-16 00:00:00-04:00,190.35000610351562,83.37999725341797,581.25,1364.0,26.06999969482422,163.875
2023-05-17 00:00:00-04:00,189.85000610351562,86.94000244140625,561.5,1337.0,25.90999984741211,164.8249969482422
2023-05-18 00:00:00-04:00,190.4499969482422,86.66000366210938,555.25,1333.25,25.610000610351562,165.52499389648438
2023-05-19 00:00:00-04:00,192.0,86.72000122070312,554.5,1307.25,25.780000686645508,165.72500610351562
2023-05-22 00:00:00-04:00,189.1999969482422,85.31999969482422,571.0,1341.25,25.989999771118164,165.0500030517578
2023-05-23 00:00:00-04:00,187.4499969482422,84.3499984741211,577.5,1322.5,25.809999465942383,164.27499389648438
2023-05-24 00:00:00-04:00,188.0,81.72000122070312,587.25,1324.5,25.489999771118164,166.10000610351562
2023-05-25 00:00:00-04:00,182.6999969482422,80.12000274658203,590.75,1324.0,24.829999923706055,167.3000030517578
2023-05-26 00:00:00-04:00,181.60000610351562,83.3499984741211,604.0,1337.25,25.3700008392334,167.35000610351562
2023-05-30 00:00:00-04:00,177.10000610351562,83.98999786376953,594.0,1296.5,25.329999923706055,168.875
2023-05-31 00:00:00-04:00,178.64999389648438,83.4800033569336,594.0,1299.75,25.059999465942383,169.125
2023-06-01 00:00:00-04:00,183.0500030517578,86.41999816894531,592.5,1329.5,24.8799991607666,174.89999389648438
2023-06-02 00:00:00-04:00,180.3000030517578,86.05000305175781,609.0,1352.5,24.729999542236328,176.4250030517578
2023-06-05 00:00:00-04:00,183.10000610351562,84.79000091552734,597.5,1350.0,24.399999618530273,177.14999389648438
2023-06-06 00:00:00-04:00,182.60000610351562,85.33999633789062,608.0,1353.25,24.579999923706055,179.8249969482422
2023-06-07 00:00:00-04:00,185.39999389648438,85.01000213623047,604.25,1360.75,24.5,179.0
2023-06-08 00:00:00-04:00,194.85000610351562,84.30999755859375,610.25,1363.25,25.479999542236328,178.77499389648438
2023-06-09 00:00:00-04:00,190.64999389648438,84.04000091552734,604.25,1386.5,25.3799991607666,178.22500610351562
2023-06-12 00:00:00-04:00,185.5500030517578,83.48999786376953,617.25,1372.75,25.469999313354492,179.0749969482422
2023-06-13 00:00:00-04:00,182.75,82.72000122070312,612.5,1399.25,25.15999984741211,179.4250030517578
2023-06-14 00:00:00-04:00,184.39999389648438,81.79000091552734,607.75,1388.25,25.84000015258789,177.4499969482422
2023-06-15 00:00:00-04:00,187.0,80.63999938964844,623.25,1428.25,26.0,177.5749969482422
2023-06-16 00:00:00-04:00,184.89999389648438,81.45999908447266,640.25,1466.5,26.43000030517578,178.35000610351562
2023-06-20 00:00:00-04:00,177.4499969482422,80.66000366210938,643.75,1477.25,26.219999313354492,177.125
2023-06-21 00:00:00-04:00,172.0,79.30999755859375,671.0,1514.75,25.8799991607666,177.25
2023-06-22 00:00:00-04:00,171.6999969482422,79.29000091552734,660.5,1500.5,24.93000030517578,177.64999389648438
2023-06-23 00:00:00-04:00,168.0500030517578,78.05999755859375,630.75,1494.5,24.18000030517578,177.5
2023-06-26 00:00:00-04:00,167.9499969482422,77.06999969482422,637.25,1521.0,23.719999313354492,177.6999969482422
2023-06-27 00:00:00-04:00,169.4499969482422,77.63999938964844,623.0,1495.0,23.030000686645508,179.3000030517578
2023-06-28 00:00:00-04:00,165.64999389648438,80.12000274658203,590.0,1451.0,22.56999969482422,179.625
2023-06-29 00:00:00-04:00,163.60000610351562,81.25,581.0,1483.0,22.06999969482422,179.75
2023-06-30 00:00:00-04:00,161.0,82.83999633789062,554.5,1557.25,22.889999389648438,181.5
2023-07-03 00:00:00-04:00,162.5,83.43000030517578,557.25,1562.0,23.31999969482422,176.8249969482422
2023-07-05 00:00:00-04:00,161.0500030517578,82.44999694824219,548.25,1547.25,23.530000686645508,174.9499969482422
2023-07-06 00:00:00-04:00,162.35000610351562,82.87999725341797,566.75,1525.75,23.25,174.5749969482422
2023-07-07 00:00:00-04:00,162.8000030517578,81.19999694824219,560.5,1485.5,23.530000686645508,177.0
2023-07-10 00:00:00-04:00,161.75,79.94999694824219,570.75,1508.0,23.440000534057617,177.1999969482422
2023-07-11 00:00:00-04:00,159.3000030517578,82.94999694824219,571.75,1520.5,23.530000686645508,178.8249969482422
2023-07-12 00:00:00-04:00,158.75,82.51000213623047,549.75,1488.5,23.90999984741211,176.875
2023-07-13 00:00:00-04:00,159.35000610351562,82.79000091552734,593.5,1518.0,24.010000228881836,176.89999389648438
2023-07-14 00:00:00-04:00,161.9499969482422,82.66000366210938,599.75,1495.75,24.31999969482422,180.1750030517578
2023-07-17 00:00:00-04:00,154.75,83.48999786376953,499.25,1484.0,23.799999237060547,180.125
2023-07-18 00:00:00-04:00,155.25,83.77999877929688,528.75,1492.0,23.860000610351562,181.27499389648438
2023-07-19 00:00:00-04:00,152.4499969482422,85.62000274658203,545.5,1491.5,24.209999084472656,181.3249969482422
2023-07-20 00:00:00-04:00,158.0500030517578,85.93000030517578,537.25,1495.0,24.670000076293945,180.3249969482422
2023-07-21 00:00:00-04:00,161.85000610351562,85.08000183105469,527.0,1501.0,25.010000228881836,180.02499389648438
2023-07-24 00:00:00-04:00,163.0,85.58000183105469,560.5,1523.25,24.920000076293945,178.75
2023-07-25 00:00:00-04:00,161.85000610351562,88.55000305175781,557.5,1515.5,24.690000534057617,178.3000030517578
2023-07-26 00:00:00-04:00,163.14999389648438,89.9800033569336,540.25,1546.25,24.389999389648438,178.6750030517578
2023-07-27 00:00:00-04:00,161.4499969482422,86.62000274658203,533.25,1532.0,24.43000030517578,178.0500030517578
2023-07-28 00:00:00-04:00,157.89999389648438,85.05999755859375,521.0,1486.75,23.920000076293945,178.14999389648438
2023-07-31 00:00:00-04:00,164.64999389648438,85.44000244140625,504.0,1445.75,24.110000610351562,178.0500030517578
2023-08-01 00:00:00-04:00,164.5500030517578,86.87000274658203,497.0,1446.75,24.389999389648438,179.5
2023-08-02 00:00:00-04:00,166.9499969482422,85.08000183105469,488.25,1429.75,24.200000762939453,178.02499389648438
2023-08-03 00:00:00-04:00,164.75,85.27999877929688,480.75,1428.75,24.020000457763672,178.5
2023-08-04 00:00:00-04:00,161.35000610351562,85.2699966430664,484.25,1444.0,23.690000534057617,180.89999389648438
2023-08-07 00:00:00-04:00,163.9499969482422,86.37999725341797,482.25,1414.5,23.739999771118164,179.6999969482422
2023-08-08 00:00:00-04:00,161.35000610351562,86.19999694824219,485.75,1430.0,23.450000762939453,179.6999969482422
2023-08-09 00:00:00-04:00,160.75,86.11000061035156,481.0,1431.5,23.709999084472656,180.5749969482422
2023-08-10 00:00:00-04:00,159.89999389648438,87.29000091552734,483.25,1412.0,23.950000762939453,181.10000610351562
2023-08-11 00:00:00-04:00,157.8000030517578,89.29000091552734,474.5,1401.25,24.329999923706055,180.375
2023-08-14 00:00:00-04:00,151.10000610351562,87.6500015258789,475.75,1391.0,24.049999237060547,179.75
2023-08-15 00:00:00-04:00,149.25,86.19999694824219,464.0,1323.25,23.770000457763672,179.10000610351562
2023-08-16 00:00:00-04:00,148.89999389648438,85.31999969482422,469.5,1334.75,24.190000534057617,178.77499389648438
2023-08-17 00:00:00-04:00,147.0,84.36000061035156,473.0,1336.75,24.0,178.0500030517578
2023-08-18 00:00:00-04:00,147.4499969482422,84.31999969482422,479.5,1362.75,23.760000228881836,178.52499389648438
2023-08-21 00:00:00-04:00,147.5500030517578,84.45999908447266,469.25,1370.0,23.399999618530273,178.97500610351562
2023-08-22 00:00:00-04:00,146.60000610351562,84.98999786376953,466.5,1351.5,23.399999618530273,177.9499969482422
2023-08-23 00:00:00-04:00,152.9499969482422,86.20999908447266,476.25,1359.5,23.850000381469727,178.0500030517578
2023-08-24 00:00:00-04:00,153.0,86.08999633789062,472.25,1365.75,24.290000915527344,179.85000610351562
2023-08-25 00:00:00-04:00,151.75,87.51000213623047,470.75,1381.0,24.829999923706055,180.6750030517578
2023-08-28 00:00:00-04:00,151.8000030517578,87.06999969482422,478.5,1395.25,25.56999969482422,180.6999969482422
2023-08-29 00:00:00-04:00,151.35000610351562,87.08999633789062,469.5,1382.0,25.450000762939453,181.0
2023-08-30 00:00:00-04:00,153.35000610351562,88.27999877929688,461.75,1381.25,25.34000015258789,178.8000030517578
2023-08-31 00:00:00-04:00,152.6999969482422,88.0999984741211,461.0,1360.0,25.059999465942383,179.72500610351562
2023-09-01 00:00:00-04:00,150.9499969482422,89.61000061035156,464.75,1356.25,25.809999465942383,180.14999389648438
2023-09-05 00:00:00-04:00,151.39999389648438,88.0,471.0,1349.0,26.649999618530273,179.9499969482422
2023-09-06 00:00:00-04:00,151.75,86.0,471.5,1360.25,26.219999313354492,182.6999969482422
2023-09-07 00:00:00-04:00,147.39999389648438,83.62000274658203,470.75,1345.0,26.68000030517578,183.64999389648438
2023-09-08 00:00:00-04:00,146.25,84.41000366210938,468.5,1349.5,26.309999465942383,183.22500610351562
2023-09-11 00:00:00-04:00,151.5500030517578,86.97000122070312,471.25,1352.5,26.399999618530273,184.22500610351562
2023-09-12 00:00:00-04:00,150.6999969482422,87.48999786376953,463.25,1331.75,26.829999923706055,184.14999389648438
2023-09-13 00:00:00-04:00,151.0500030517578,85.66999816894531,464.0,1336.0,26.540000915527344,183.14999389648438
2023-09-14 00:00:00-04:00,153.10000610351562,86.47000122070312,462.5,1343.75,26.979999542236328,185.47500610351562
2023-09-15 00:00:00-04:00,158.25,85.38999938964844,476.25,1340.25,26.90999984741211,186.9250030517578
2023-09-18 00:00:00-04:00,158.6999969482422,85.54000091552734,471.5,1316.75,27.110000610351562,186.3249969482422
2023-09-19 00:00:00-04:00,167.5,86.05999755859375,476.25,1315.5,27.440000534057617,185.6750030517578
2023-09-20 00:00:00-04:00,158.1999969482422,85.37000274658203,482.25,1320.0,26.790000915527344,186.77499389648438
2023-09-21 00:00:00-04:00,154.85000610351562,84.87000274658203,475.25,1293.75,26.93000030517578,184.97500610351562
2023-09-22 00:00:00-04:00,151.14999389648438,84.04000091552734,477.25,1296.25,26.969999313354492,187.0749969482422
2023-09-25 00:00:00-04:00,148.8000030517578,86.41999816894531,481.25,1297.75,26.309999465942383,186.97500610351562
2023-09-26 00:00:00-04:00,150.85000610351562,88.18000030517578,479.75,1302.75,26.020000457763672,184.8000030517578
2023-09-27 00:00:00-04:00,149.25,88.4000015258789,483.25,1303.25,26.1299991607666,184.89999389648438
2023-09-28 00:00:00-04:00,147.1999969482422,88.7300033569336,488.5,1300.5,26.729999542236328,186.5
2023-09-29 00:00:00-04:00,146.14999389648438,86.86000061035156,476.75,1275.0,26.270000457763672,184.1999969482422
2023-10-02 00:00:00-04:00,149.10000610351562,87.45999908447266,488.75,1277.0,26.350000381469727,184.4250030517578
2023-10-03 00:00:00-04:00,148.75,87.13999938964844,487.5,1272.75,25.670000076293945,182.125
2023-10-04 00:00:00-04:00,146.35000610351562,86.72000122070312,486.0,1273.0,25.93000030517578,182.1999969482422
2023-10-05 00:00:00-04:00,145.39999389648438,86.25,497.5,1280.75,26.15999984741211,181.9499969482422
2023-10-06 00:00:00-04:00,146.0500030517578,86.8499984741211,492.0,1266.0,26.739999771118164,183.0749969482422
2023-10-09 00:00:00-04:00,146.0500030517578,86.66999816894531,488.25,1264.25,27.18000030517578,182.375
2023-10-10 00:00:00-04:00,147.5,85.44999694824219,485.5,1271.5,27.049999237060547,182.5749969482422
2023-10-11 00:00:00-04:00,147.6999969482422,85.05000305175781,488.0,1252.5,26.399999618530273,184.5
2023-10-12 00:00:00-04:00,149.3000030517578,84.91999816894531,496.0,1290.0,26.350000381469727,185.39999389648438
2023-10-13 00:00:00-04:00,154.89999389648438,86.05999755859375,493.25,1280.25,27.030000686645508,185.125
2023-10-16 00:00:00-04:00,154.14999389648438,85.1500015258789,490.0,1286.25,27.049999237060547,185.1999969482422
2023-10-17 00:00:00-04:00,157.0500030517578,83.2300033569336,489.0,1296.75,27.489999771118164,185.5
2023-10-18 00:00:00-04:00,158.0500030517578,84.23999786376953,492.0,1311.0,27.479999542236328,185.72500610351562
2023-10-19 00:00:00-04:00,163.9499969482422,84.2699966430664,505.0,1315.5,27.290000915527344,184.39999389648438
2023-10-20 00:00:00-04:00,165.25,82.4000015258789,495.5,1302.25,26.850000381469727,184.27499389648438
2023-10-23 00:00:00-04:00,165.85000610351562,83.7300033569336,490.25,1286.75,27.479999542236328,178.25
2023-10-24 00:00:00-04:00,168.14999389648438,82.93000030517578,484.0,1295.25,27.530000686645508,180.0
2023-10-25 00:00:00-04:00,162.3000030517578,83.80999755859375,480.0,1288.25,27.6299991607666,181.125
2023-10-26 00:00:00-04:00,161.1999969482422,84.58999633789062,479.25,1279.5,27.040000915527344,181.6999969482422
2023-10-27 00:00:00-04:00,160.9499969482422,84.37999725341797,480.75,1297.25,27.34000015258789,184.0
2023-10-30 00:00:00-04:00,159.10000610351562,82.91000366210938,478.25,1282.75,26.75,184.125
2023-10-31 00:00:00-04:00,167.3000030517578,81.22000122070312,478.75,1287.0,27.09000015258789,183.75
2023-11-01 00:00:00-04:00,159.8000030517578,79.44000244140625,475.0,1291.25,27.510000228881836,183.625
2023-11-02 00:00:00-04:00,165.35000610351562,79.80000305175781,470.0,1304.0,27.479999542236328,184.6750030517578
2023-11-03 00:00:00-04:00,170.89999389648438,79.62000274658203,477.25,1327.5,27.770000457763672,183.875
2023-11-06 00:00:00-05:00,173.6999969482422,78.0,477.25,1340.5,27.950000762939453,181.3249969482422
2023-11-07 00:00:00-05:00,170.75,76.4800033569336,468.5,1348.75,27.59000015258789,178.77499389648438
2023-11-08 00:00:00-05:00,174.35000610351562,74.88999938964844,476.0,1349.0,27.209999084472656,179.39999389648438
2023-11-09 00:00:00-05:00,178.8000030517578,76.5199966430664,468.0,1327.75,27.780000686645508,174.35000610351562
2023-11-10 00:00:00-05:00,174.5,77.31999969482422,464.0,1333.5,27.290000915527344,174.1750030517578
2023-11-13 00:00:00-05:00,178.64999389648438,77.4800033569336,477.25,1368.0,27.709999084472656,174.9250030517578
2023-11-14 00:00:00-05:00,176.4499969482422,78.68000030517578,478.25,1368.75,27.18000030517578,175.85000610351562
2023-11-15 00:00:00-05:00,180.8000030517578,78.41000366210938,470.75,1385.0,27.149999618530273,177.77499389648438
2023-11-16 00:00:00-05:00,176.10000610351562,78.68000030517578,474.75,1360.25,27.190000534057617,174.75
2023-11-17 00:00:00-05:00,170.9499969482422,78.91999816894531,467.0,1340.25,27.18000030517578,175.75
2023-11-20 00:00:00-05:00,177.89999389648438,77.97000122070312,469.5,1367.25,27.559999465942383,175.47500610351562
2023-11-21 00:00:00-05:00,176.5500030517578,77.33999633789062,470.0,1377.25,27.75,175.0
2023-11-22 00:00:00-05:00,178.64999389648438,79.58000183105469,468.75,1356.5,27.219999313354492,174.47500610351562
2023-11-23 00:00:00-05:00,178.64999389648438,79.58000183105469,468.75,1356.5,27.219999313354492,174.47500610351562
2023-11-24 00:00:00-05:00,178.64999389648438,80.38999938964844,463.25,1330.75,26.979999542236328,170.25
2023-11-27 00:00:00-05:00,179.6999969482422,78.58999633789062,455.5,1329.75,27.200000762939453,168.77499389648438
2023-11-28 00:00:00-05:00,183.64999389648438,78.5999984741211,451.5,1346.5,26.989999771118164,171.64999389648438
2023-11-29 00:00:00-05:00,182.10000610351562,78.58999633789062,449.75,1347.0,26.860000610351562,171.89999389648438
2023-11-30 00:00:00-05:00,195.0,79.4000015258789,461.75,1342.75,26.040000915527344,170.875
2023-12-01 00:00:00-05:00,193.89999389648438,78.41999816894531,464.5,1325.0,25.09000015258789,169.27499389648438
2023-12-04 00:00:00-05:00,188.89999389648438,77.68000030517578,460.25,1306.25,25.809999465942383,167.25
2023-12-05 00:00:00-05:00,193.85000610351562,78.68000030517578,468.5,1305.5,24.959999084472656,168.5
2023-12-06 00:00:00-05:00,185.25,78.75,464.75,1295.5,23.0,163.4499969482422
2023-12-07 00:00:00-05:00,185.5,82.58999633789062,468.25,1311.75,23.030000686645508,162.35000610351562
2023-12-08 00:00:00-05:00,185.14999389648438,81.44000244140625,465.75,1304.0,23.360000610351562,165.4499969482422
2023-12-11 00:00:00-05:00,194.0,82.0,460.5,1336.0,22.469999313354492,166.97500610351562
2023-12-12 00:00:00-05:00,191.14999389648438,81.05000305175781,462.5,1323.75,22.59000015258789,167.6999969482422
2023-12-13 00:00:00-05:00,194.64999389648438,81.18000030517578,456.75,1307.5,21.969999313354492,166.9499969482422
2023-12-14 00:00:00-05:00,200.10000610351562,80.80999755859375,456.75,1314.0,22.18000030517578,167.5
2023-12-15 00:00:00-05:00,201.8000030517578,79.93000030517578,483.0,1315.75,21.989999771118164,168.22500610351562
2023-12-18 00:00:00-05:00,209.5500030517578,79.0999984741211,477.0,1327.0,21.309999465942383,168.8249969482422
2023-12-19 00:00:00-05:00,202.39999389648438,79.45999908447266,472.75,1312.5,21.43000030517578,168.4499969482422
2023-12-20 00:00:00-05:00,190.60000610351562,79.20999908447266,469.75,1308.25,20.920000076293945,170.02499389648438
2023-12-21 00:00:00-05:00,193.60000610351562,79.12999725341797,472.5,1297.25,20.239999771118164,170.5500030517578
2023-12-22 00:00:00-05:00,192.8000030517578,79.76000213623047,473.0,1299.75,20.6200008392334,170.0500030517578
2023-12-26 00:00:00-05:00,194.35000610351562,80.05000305175781,480.25,1313.25,20.530000686645508,170.5749969482422
2023-12-27 00:00:00-05:00,197.75,80.52999877929688,476.5,1316.75,20.600000381469727,170.72500610351562
2023-12-28 00:00:00-05:00,198.0,80.94999694824219,474.25,1305.25,21.760000228881836,171.1999969482422
2023-12-29 00:00:00-05:00,188.3000030517578,81.0,471.25,1293.5,20.579999923706055,173.6750030517578
2024-01-02 00:00:00-05:00,190.14999389648438,79.94000244140625,463.75,1274.0,20.899999618530273,171.9250030517578
2024-01-03 00:00:00-05:00,186.25,80.93000030517578,465.25,1269.5,20.850000381469727,171.85000610351562
2024-01-04 00:00:00-05:00,185.5500030517578,80.12000274658203,466.5,1262.0,21.079999923706055,171.125
2024-01-05 00:00:00-05:00,182.8000030517578,80.19000244140625,460.75,1249.75,21.110000610351562,170.5749969482422
2024-01-08 00:00:00-05:00,181.39999389648438,80.41999816894531,455.0,1239.5,21.739999771118164,169.9499969482422
2024-01-09 00:00:00-05:00,184.10000610351562,80.7300033569336,459.25,1241.5,21.700000762939453,170.77499389648438
2024-01-10 00:00:00-05:00,181.14999389648438,80.18000030517578,459.5,1228.75,21.40999984741211,170.75
2024-01-11 00:00:00-05:00,184.0500030517578,81.36000061035156,457.75,1231.25,21.760000228881836,171.8000030517578
2024-01-12 00:00:00-05:00,180.0,81.30999755859375,447.0,1205.75,21.610000610351562,171.375
2024-01-16 00:00:00-05:00,185.25,81.33000183105469,443.5,1227.25,22.520000457763672,173.125
2024-01-17 00:00:00-05:00,179.1999969482422,81.69999694824219,442.25,1205.75,22.350000381469727,173.10000610351562
2024-01-18 00:00:00-05:00,179.9499969482422,82.51000213623047,444.0,1213.5,23.040000915527344,174.8249969482422
2024-01-19 00:00:00-05:00,185.14999389648438,83.94999694824219,445.5,1213.25,23.56999969482422,174.375
2024-01-22 00:00:00-05:00,192.25,84.83000183105469,445.75,1224.25,23.5,173.77499389648438
2024-01-23 00:00:00-05:00,192.9499969482422,84.5999984741211,446.5,1239.5,23.75,174.64999389648438
2024-01-24 00:00:00-05:00,189.4499969482422,85.4000015258789,452.25,1240.25,24.459999084472656,175.35000610351562
2024-01-25 00:00:00-05:00,186.9499969482422,85.76000213623047,451.75,1223.0,24.040000915527344,177.72500610351562
2024-01-26 00:00:00-05:00,193.85000610351562,84.37000274658203,446.25,1209.25,23.770000457763672,178.4499969482422
2024-01-29 00:00:00-05:00,189.25,84.26000213623047,440.25,1194.25,23.530000686645508,177.375
2024-01-30 00:00:00-05:00,194.0,84.77999877929688,447.75,1218.75,23.90999984741211,178.02499389648438
2024-01-31 00:00:00-05:00,194.0500030517578,85.16999816894531,448.25,1222.25,24.1299991607666,177.35000610351562
2024-02-01 00:00:00-05:00,194.1999969482422,86.48999786376953,447.25,1203.25,23.559999465942383,179.75
2024-02-02 00:00:00-05:00,191.9499969482422,87.11000061035156,442.75,1188.5,23.889999389648438,180.5500030517578
2024-02-05 00:00:00-05:00,189.5,87.04000091552734,442.75,1196.25,23.530000686645508,179.72500610351562
2024-02-06 00:00:00-05:00,188.1999969482422,87.54000091552734,438.75,1199.5,23.559999465942383,183.0
2024-02-07 00:00:00-05:00,190.6999969482422,88.47000122070312,434.25,1189.0,23.8799991607666,182.22500610351562
2024-02-08 00:00:00-05:00,188.8000030517578,89.0999984741211,433.25,1193.5,23.979999542236328,183.77499389648438
2024-02-09 00:00:00-05:00,196.3000030517578,91.77999877929688,429.0,1183.5,24.020000457763672,184.625
2024-02-12 00:00:00-05:00,195.60000610351562,90.52999877929688,430.5,1193.0,23.559999465942383,184.25
2024-02-13 00:00:00-05:00,193.0,91.5199966430664,430.75,1186.25,23.299999237060547,183.75
2024-02-14 00:00:00-05:00,187.0500030517578,93.4800033569336,424.25,1170.5,23.3700008392334,182.39999389648438
2024-02-15 00:00:00-05:00,189.3000030517578,94.62999725341797,417.75,1162.25,22.81999969482422,183.39999389648438
2024-02-16 00:00:00-05:00,190.85000610351562,93.87000274658203,416.5,1172.25,23.079999923706055,184.77499389648438
2024-02-20 00:00:00-05:00,191.60000610351562,91.19000244140625,418.75,1179.0,22.75,184.39999389648438
2024-02-21 00:00:00-05:00,198.35000610351562,92.5999984741211,411.0,1160.75,22.770000457763672,183.97500610351562
2024-02-22 00:00:00-05:00,193.85000610351562,94.19999694824219,406.0,1147.75,22.829999923706055,183.5
2024-02-23 00:00:00-05:00,191.0,94.93000030517578,399.75,1133.0,22.6200008392334,185.60000610351562
2024-02-26 00:00:00-05:00,190.10000610351562,96.58000183105469,407.0,1136.0,23.149999618530273,185.72500610351562
2024-02-27 00:00:00-05:00,194.0500030517578,100.75,408.25,1131.25,23.84000015258789,185.60000610351562
2024-02-28 00:00:00-05:00,193.35000610351562,103.06999969482422,413.25,1134.0,24.010000228881836,184.64999389648438
2024-02-29 00:00:00-05:00,195.85000610351562,101.55999755859375,415.75,1128.25,22.579999923706055,184.0
2024-03-01 00:00:00-05:00,193.8000030517578,97.55999755859375,412.25,1143.0,21.09000015258789,188.4499969482422
2024-03-04 00:00:00-05:00,197.39999389648438,98.44000244140625,417.5,1147.0,20.600000381469727,186.6750030517578
2024-03-05 00:00:00-05:00,195.0,98.0999984741211,413.5,1140.75,20.8700008392334,188.0
2024-03-06 00:00:00-05:00,194.4499969482422,99.13999938964844,418.0,1140.25,21.450000762939453,187.25
2024-03-07 00:00:00-05:00,198.35000610351562,99.27999877929688,426.0,1157.0,21.280000686645508,188.72500610351562
2024-03-08 00:00:00-05:00,191.39999389648438,95.27999877929688,426.25,1170.5,21.149999618530273,187.60000610351562
2024-03-11 00:00:00-04:00,194.35000610351562,95.05999755859375,428.25,1165.0,21.950000762939453,187.60000610351562
2024-03-12 00:00:00-04:00,195.39999389648438,95.2300033569336,429.0,1182.0,21.889999389648438,188.25
2024-03-13 00:00:00-04:00,191.64999389648438,94.9000015258789,426.5,1181.75,21.93000030517578,189.9250030517578
2024-03-14 00:00:00-04:00,191.35000610351562,93.4800033569336,422.5,1180.75,21.770000457763672,186.9499969482422
2024-03-15 00:00:00-04:00,182.85000610351562,93.94000244140625,436.75,1198.25,22.1200008392334,187.25
2024-03-18 00:00:00-04:00,181.85000610351562,94.56999969482422,436.0,1187.75,22.15999984741211,188.5749969482422
2024-03-19 00:00:00-04:00,183.0500030517578,93.33999633789062,439.5,1185.5,21.639999389648438,188.0500030517578
2024-03-20 00:00:00-04:00,182.39999389648438,92.18000030517578,439.0,1209.5,21.770000457763672,187.8000030517578
2024-03-21 00:00:00-04:00,185.6999969482422,92.20999908447266,440.75,1212.0,22.059999465942383,188.375
2024-03-22 00:00:00-04:00,184.85000610351562,91.52999877929688,439.25,1192.5,21.850000381469727,187.5
2024-03-25 00:00:00-04:00,185.64999389648438,92.0199966430664,437.75,1209.25,21.950000762939453,186.1999969482422
2024-03-26 00:00:00-04:00,188.0500030517578,93.41000366210938,432.5,1199.0,22.389999389648438,183.10000610351562
2024-03-27 00:00:00-04:00,190.64999389648438,90.7699966430664,426.75,1192.5,22.190000534057617,183.60000610351562
2024-03-28 00:00:00-04:00,188.85000610351562,91.37999725341797,442.0,1191.5,22.520000457763672,185.0
2024-04-01 00:00:00-04:00,191.8000030517578,92.76000213623047,435.5,1185.75,22.719999313354492,180.0749969482422
2024-04-02 00:00:00-04:00,197.75,90.80999755859375,426.5,1174.0,22.31999969482422,181.77499389648438
2024-04-03 00:00:00-04:00,203.60000610351562,88.9800033569336,431.75,1182.25,22.219999313354492,180.9250030517578
2024-04-04 00:00:00-04:00,206.75,87.13999938964844,435.25,1180.0,22.360000610351562,181.47500610351562
2024-04-05 00:00:00-04:00,212.5,86.25,434.25,1185.0,21.989999771118164,178.25
2024-04-08 00:00:00-04:00,211.10000610351562,86.6500015258789,435.5,1181.5,21.59000015258789,179.39999389648438
2024-04-09 00:00:00-04:00,213.5500030517578,86.04000091552734,431.25,1174.5,21.489999771118164,180.6999969482422
2024-04-10 00:00:00-04:00,214.64999389648438,85.30999755859375,434.25,1164.75,21.459999084472656,179.0749969482422
2024-04-11 00:00:00-04:00,220.35000610351562,83.37000274658203,428.75,1159.25,20.850000381469727,180.25
2024-04-12 00:00:00-04:00,224.64999389648438,82.62000274658203,435.5,1174.0,20.450000762939453,178.89999389648438
2024-04-15 00:00:00-04:00,231.5500030517578,82.93000030517578,431.5,1158.25,20.020000457763672,180.3000030517578
2024-04-16 00:00:00-04:00,236.75,81.29000091552734,431.0,1145.0,19.6299991607666,181.5
2024-04-17 00:00:00-04:00,247.9499969482422,79.55999755859375,430.25,1149.5,19.31999969482422,180.89999389648438
2024-04-18 00:00:00-04:00,239.85000610351562,78.0999984741211,426.75,1134.25,19.59000015258789,181.1750030517578
2024-04-19 00:00:00-04:00,241.39999389648438,78.69000244140625,433.5,1150.5,19.729999542236328,181.47500610351562
2024-04-22 00:00:00-04:00,231.64999389648438,80.04000091552734,439.75,1161.0,19.799999237060547,183.8249969482422
2024-04-23 00:00:00-04:00,224.5,80.22000122070312,443.0,1167.5,19.90999984741211,183.35000610351562
2024-04-24 00:00:00-04:00,228.4499969482422,79.51000213623047,437.75,1166.0,20.0,182.10000610351562
2024-04-25 00:00:00-04:00,231.9499969482422,79.58000183105469,441.0,1162.75,19.479999542236328,183.9499969482422
2024-04-26 00:00:00-04:00,230.60000610351562,79.4000015258789,440.0,1159.5,19.399999618530273,184.6750030517578
2024-04-29 00:00:00-04:00,233.5500030517578,80.0199966430664,439.25,1160.75,20.200000762939453,185.39999389648438
2024-04-30 00:00:00-04:00,220.64999389648438,77.91999816894531,439.5,1145.5,19.709999084472656,185.0
2024-05-01 00:00:00-04:00,219.0500030517578,75.80999755859375,443.25,1155.75,19.219999313354492,173.85000610351562
2024-05-02 00:00:00-04:00,208.64999389648438,74.91999816894531,452.0,1190.0,19.25,176.8000030517578
2024-05-03 00:00:00-04:00,205.89999389648438,77.36000061035156,447.0,1201.75,19.280000686645508,176.6750030517578
2024-05-06 00:00:00-04:00,200.6999969482422,76.55999755859375,457.0,1234.75,19.479999542236328,176.97500610351562
2024-05-07 00:00:00-04:00,199.0,77.0,453.75,1232.25,19.950000762939453,177.625
2024-05-08 00:00:00-04:00,200.25,80.05999755859375,445.5,1212.75,19.600000381469727,176.47500610351562
2024-05-09 00:00:00-04:00,203.6999969482422,78.5999984741211,442.75,1192.75,19.579999923706055,175.9499969482422
2024-05-10 00:00:00-04:00,204.39999389648438,77.30999755859375,455.75,1205.0,19.299999237060547,176.14999389648438
2024-05-13 00:00:00-04:00,200.39999389648438,77.62999725341797,458.5,1205.5,18.6299991607666,175.5749969482422
2024-05-14 00:00:00-04:00,202.85000610351562,74.62999725341797,453.75,1199.0,18.8700008392334,178.1750030517578
2024-05-15 00:00:00-04:00,201.25,75.41000366210938,462.5,1213.5,18.649999618530273,178.25
2024-05-16 00:00:00-04:00,199.5500030517578,76.23999786376953,457.0,1216.25,18.329999923706055,179.02499389648438
2024-05-17 00:00:00-04:00,208.14999389648438,75.88999938964844,452.5,1228.0,18.1299991607666,181.0500030517578
2024-05-20 00:00:00-04:00,209.3000030517578,76.02999877929688,460.5,1248.0,18.68000030517578,181.47500610351562
2024-05-21 00:00:00-04:00,217.1999969482422,76.37999725341797,458.0,1236.25,18.559999465942383,182.97500610351562
2024-05-22 00:00:00-04:00,220.4499969482422,79.37999725341797,461.25,1246.25,18.229999542236328,184.1750030517578
2024-05-23 00:00:00-04:00,215.64999389648438,81.72000122070312,464.0,1239.25,18.260000228881836,183.52499389648438
2024-05-24 00:00:00-04:00,218.25,80.5199966430664,464.75,1248.0,18.40999984741211,183.6999969482422
2024-05-28 00:00:00-04:00,230.9499969482422,82.43000030517578,462.5,1229.5,18.729999542236328,184.5500030517578
2024-05-29 00:00:00-04:00,229.4499969482422,81.0999984741211,455.25,1214.0,18.350000381469727,183.35000610351562
2024-05-30 00:00:00-04:00,233.0,77.76000213623047,448.75,1209.75,18.190000534057617,182.5500030517578
2024-05-31 00:00:00-04:00,222.35000610351562,76.1500015258789,446.25,1205.0,18.299999237060547,181.5500030517578
2024-06-03 00:00:00-04:00,226.5500030517578,73.1500015258789,443.5,1184.5,18.780000686645508,182.02499389648438
2024-06-04 00:00:00-04:00,233.89999389648438,73.4800033569336,442.5,1179.0,18.860000610351562,182.1750030517578
2024-06-05 00:00:00-04:00,231.9499969482422,74.44000244140625,439.25,1177.25,19.1299991607666,181.77499389648438
2024-06-06 00:00:00-04:00,234.1999969482422,75.44000244140625,452.0,1200.0,19.219999313354492,181.8249969482422
2024-06-07 00:00:00-04:00,224.8000030517578,73.83999633789062,448.75,1179.25,19.0,182.1750030517578
2024-06-10 00:00:00-04:00,221.39999389648438,71.80999755859375,451.75,1188.25,18.6299991607666,183.9250030517578
2024-06-11 00:00:00-04:00,220.5500030517578,72.7300033569336,449.5,1178.0,18.790000915527344,183.75
2024-06-12 00:00:00-04:00,224.35000610351562,71.73999786376953,454.25,1177.25,19.100000381469727,183.64999389648438
2024-06-13 00:00:00-04:00,226.0500030517578,71.3499984741211,458.5,1189.5,19.59000015258789,184.8249969482422
2024-06-14 00:00:00-04:00,224.14999389648438,70.97000122070312,450.0,1179.75,19.43000030517578,186.8249969482422
2024-06-17 00:00:00-04:00,227.14999389648438,69.94000244140625,443.75,1157.75,18.979999542236328,187.0500030517578
2024-06-18 00:00:00-04:00,226.3000030517578,71.02999877929688,450.0,1174.0,18.920000076293945,186.6750030517578
2024-06-20 00:00:00-04:00,230.25,70.8499984741211,439.75,1155.25,18.889999389648438,187.0749969482422
2024-06-21 00:00:00-04:00,226.5500030517578,68.19000244140625,435.0,1160.5,18.969999313354492,187.60000610351562
2024-06-24 00:00:00-04:00,238.0,71.29000091552734,433.5,1175.25,19.40999984741211,188.89999389648438
2024-06-25 00:00:00-04:00,231.1999969482422,72.5999984741211,425.5,1163.25,19.100000381469727,189.47500610351562
2024-06-26 00:00:00-04:00,226.35000610351562,72.69999694824219,420.0,1162.75,19.239999771118164,192.9250030517578
2024-06-27 00:00:00-04:00,228.25,72.0199966430664,413.75,1152.25,20.1200008392334,194.1750030517578
2024-06-28 00:00:00-04:00,228.9499969482422,69.80999755859375,397.25,1150.5,20.309999465942383,193.5
2024-07-01 00:00:00-04:00,226.6999969482422,70.06999969482422,398.25,1159.5,20.229999542236328,184.27499389648438
2024-07-02 00:00:00-04:00,229.10000610351562,69.33000183105469,402.0,1165.0,20.610000610351562,185.10000610351562
2024-07-03 00:00:00-04:00,225.9499969482422,68.68000030517578,403.5,1176.5,20.530000686645508,185.9250030517578
2024-07-05 00:00:00-04:00,230.3000030517578,67.30999755859375,411.25,1188.5,20.139999389648438,186.4250030517578
2024-07-08 00:00:00-04:00,236.1999969482422,67.31999969482422,395.75,1174.25,20.1299991607666,184.35000610351562
2024-07-09 00:00:00-04:00,252.0,66.95999908447266,400.25,1161.5,19.6200008392334,182.35000610351562
2024-07-10 00:00:00-04:00,245.6999969482422,69.33000183105469,403.25,1141.25,19.809999465942383,182.25
2024-07-11 00:00:00-04:00,246.75,69.05999755859375,406.75,1142.75,19.43000030517578,182.25
2024-07-12 00:00:00-04:00,250.4499969482422,68.91999816894531,400.0,1134.5,19.200000762939453,182.375
2024-07-15 00:00:00-04:00,244.14999389648438,70.86000061035156,390.5,1078.0,19.760000228881836,182.125
2024-07-16 00:00:00-04:00,245.39999389648438,70.37000274658203,395.75,1090.5,19.6200008392334,182.6750030517578
2024-07-17 00:00:00-04:00,247.35000610351562,71.12000274658203,398.0,1097.25,19.360000610351562,184.27499389648438
2024-07-18 00:00:00-04:00,243.39999389648438,71.37000274658203,391.25,1098.5,18.940000534057617,182.25
2024-07-19 00:00:00-04:00,238.1999969482422,69.9800033569336,390.5,1097.25,18.65999984741211,183.10000610351562
2024-07-22 00:00:00-04:00,243.0500030517578,70.12999725341797,400.25,1117.75,18.299999237060547,183.9250030517578
2024-07-23 00:00:00-04:00,239.10000610351562,68.02999877929688,402.5,1117.5,18.15999984741211,186.3000030517578
2024-07-24 00:00:00-04:00,231.14999389648438,67.01000213623047,403.75,1111.0,17.90999984741211,186.89999389648438
2024-07-25 00:00:00-04:00,234.6999969482422,67.20999908447266,406.0,1116.0,18.65999984741211,188.89999389648438
2024-07-26 00:00:00-04:00,230.25,66.06999969482422,394.5,1077.5,18.420000076293945,188.5749969482422
2024-07-29 00:00:00-04:00,230.39999389648438,67.51000213623047,396.25,1054.75,19.010000228881836,186.97500610351562
2024-07-30 00:00:00-04:00,230.8000030517578,68.1500015258789,388.75,1027.25,19.1200008392334,187.6999969482422
2024-07-31 00:00:00-04:00,229.1999969482422,67.9800033569336,382.75,1028.5,18.940000534057617,187.125
2024-08-01 00:00:00-04:00,227.25,66.87999725341797,382.0,1022.0,18.5,184.8000030517578
2024-08-02 00:00:00-04:00,230.5,67.18000030517578,386.5,1029.25,18.100000381469727,184.10000610351562
2024-08-05 00:00:00-04:00,225.6999969482422,66.55000305175781,390.75,1044.25,18.079999923706055,181.5500030517578
2024-08-06 00:00:00-04:00,235.9499969482422,66.19999694824219,388.75,1028.5,17.8700008392334,181.97500610351562
2024-08-07 00:00:00-04:00,246.3000030517578,66.47000122070312,383.25,1020.25,18.139999389648438,182.27499389648438
2024-08-08 00:00:00-04:00,245.3000030517578,65.79000091552734,379.25,1009.75,18.56999969482422,182.0500030517578
2024-08-09 00:00:00-04:00,234.0500030517578,67.08999633789062,376.75,1028.0,18.479999542236328,184.25
2024-08-12 00:00:00-04:00,240.85000610351562,68.29000091552734,383.25,1012.0,18.290000915527344,183.3249969482422
2024-08-13 00:00:00-04:00,232.6999969482422,67.0999984741211,377.75,989.0,18.389999389648438,184.0
2024-08-14 00:00:00-04:00,237.0,66.18000030517578,381.0,979.75,17.969999313354492,184.60000610351562
2024-08-15 00:00:00-04:00,239.89999389648438,66.33999633789062,375.0,951.5,17.8799991607666,184.0500030517578
2024-08-16 00:00:00-04:00,245.4499969482422,66.45999908447266,370.5,938.75,18.030000686645508,182.8000030517578
2024-08-19 00:00:00-04:00,245.89999389648438,67.9800033569336,378.0,956.25,18.020000457763672,182.8000030517578
2024-08-20 00:00:00-04:00,249.4499969482422,68.80000305175781,375.0,957.25,17.56999969482422,181.02499389648438
2024-08-21 00:00:00-04:00,249.4499969482422,69.70999908447266,375.5,963.0,17.649999618530273,181.22500610351562
2024-08-22 00:00:00-04:00,246.8000030517578,69.58999633789062,371.5,941.25,17.850000381469727,182.5500030517578
2024-08-23 00:00:00-04:00,251.1999969482422,71.29000091552734,367.75,952.0,18.389999389648438,182.5749969482422
2024-08-26 00:00:00-04:00,253.64999389648438,70.58000183105469,362.0,959.75,19.040000915527344,183.60000610351562
2024-08-27 00:00:00-04:00,259.3999938964844,70.0199966430664,367.25,967.5,19.600000381469727,185.1750030517578
2024-08-28 00:00:00-04:00,260.45001220703125,68.73999786376953,365.25,958.5,19.540000915527344,183.75
2024-08-29 00:00:00-04:00,251.8000030517578,70.12999725341797,371.75,973.75,19.889999389648438,184.875
2024-08-30 00:00:00-04:00,248.1999969482422,69.79000091552734,378.0,982.0,19.3799991607666,185.85000610351562
2024-09-03 00:00:00-04:00,246.75,70.76000213623047,386.5,997.0,19.489999771118164,179.27499389648438
2024-09-04 00:00:00-04:00,245.5500030517578,69.88999938964844,390.5,1006.0,19.239999771118164,179.22500610351562
2024-09-05 00:00:00-04:00,246.60000610351562,69.48999786376953,390.0,1008.25,19.219999313354492,177.25
2024-09-06 00:00:00-04:00,240.0500030517578,67.12000274658203,383.75,989.25,18.90999984741211,175.1750030517578
2024-09-09 00:00:00-04:00,249.4499969482422,67.54000091552734,384.25,1000.0,18.829999923706055,176.9250030517578
2024-09-10 00:00:00-04:00,248.0,68.08000183105469,379.5,977.5,18.469999313354492,176.3249969482422
2024-09-11 00:00:00-04:00,249.4499969482422,69.30999755859375,380.5,979.75,18.729999542236328,176.9499969482422
2024-09-12 00:00:00-04:00,252.0,70.05000305175781,386.25,991.5,19.06999969482422,178.02499389648438
2024-09-13 00:00:00-04:00,262.04998779296875,69.4800033569336,390.75,986.75,19.010000228881836,177.64999389648438
2024-09-16 00:00:00-04:00,259.04998779296875,71.75,410.75,1004.5,19.18000030517578,177.22500610351562
2024-09-17 00:00:00-04:00,265.0,70.80999755859375,412.5,1006.0,19.979999542236328,178.8000030517578
2024-09-18 00:00:00-04:00,263.1499938964844,69.68000030517578,412.75,1014.0,21.15999984741211,178.3000030517578
2024-09-19 00:00:00-04:00,261.6499938964844,71.58000183105469,405.75,1013.25,21.93000030517578,179.97500610351562
2024-09-20 00:00:00-04:00,250.75,72.20999908447266,401.75,1012.0,22.65999984741211,182.47500610351562
2024-09-23 00:00:00-04:00,263.6499938964844,71.69999694824219,413.5,1039.25,22.549999237060547,183.25
2024-09-24 00:00:00-04:00,267.79998779296875,73.0999984741211,411.75,1042.25,23.1200008392334,183.1999969482422
2024-09-25 00:00:00-04:00,269.1000061035156,74.0199966430664,415.25,1053.25,23.420000076293945,183.0500030517578
2024-09-26 00:00:00-04:00,273.8999938964844,73.86000061035156,413.25,1041.0,23.309999465942383,184.10000610351562
2024-09-27 00:00:00-04:00,269.1499938964844,73.54000091552734,418.0,1065.75,22.790000915527344,183.75
2024-09-30 00:00:00-04:00,270.25,73.55999755859375,424.75,1057.0,22.670000076293945,183.77499389648438
2024-10-01 00:00:00-04:00,264.1499938964844,73.0,429.0,1057.25,22.969999313354492,184.47500610351562
2024-10-02 00:00:00-04:00,256.5,73.16000366210938,432.5,1056.0,22.68000030517578,187.4250030517578
2024-10-03 00:00:00-04:00,252.0500030517578,72.48999786376953,428.25,1046.0,23.239999771118164,186.0
2024-10-04 00:00:00-04:00,257.3500061035156,73.02999877929688,424.75,1037.75,23.010000228881836,187.0
2024-10-07 00:00:00-04:00,244.64999389648438,73.29000091552734,426.0,1034.0,22.549999237060547,187.47500610351562
2024-10-08 00:00:00-04:00,248.1999969482422,72.02999877929688,420.75,1016.25,22.489999771118164,188.47500610351562
2024-10-09 00:00:00-04:00,250.0500030517578,72.01000213623047,421.0,1020.25,22.040000915527344,188.1999969482422
2024-10-10 00:00:00-04:00,254.75,72.66000366210938,418.5,1014.75,22.15999984741211,189.1750030517578
2024-10-11 00:00:00-04:00,252.0500030517578,72.20999908447266,415.75,1005.5,22.239999771118164,188.60000610351562
2024-10-14 00:00:00-04:00,262.04998779296875,71.02999877929688,408.25,996.0,22.389999389648438,188.25
2024-10-15 00:00:00-04:00,256.70001220703125,70.62000274658203,401.25,991.0,22.81999969482422,186.72500610351562
2024-10-16 00:00:00-04:00,258.0,71.26000213623047,404.75,980.0,22.0,187.0500030517578
2024-10-17 00:00:00-04:00,255.14999389648438,70.76000213623047,406.75,988.75,22.15999984741211,186.625
2024-10-18 00:00:00-04:00,257.29998779296875,70.98999786376953,404.75,970.0,22.18000030517578,187.625
2024-10-21 00:00:00-04:00,251.6999969482422,72.19999694824219,409.5,981.0,21.829999923706055,187.0
2024-10-22 00:00:00-04:00,249.85000610351562,72.08000183105469,416.5,991.75,21.729999542236328,188.0500030517578
2024-10-23 00:00:00-04:00,252.35000610351562,72.51000213623047,419.0,997.5,22.34000015258789,187.625
2024-10-24 00:00:00-04:00,245.4499969482422,71.52999877929688,421.5,996.25,22.200000762939453,189.3000030517578
2024-10-25 00:00:00-04:00,248.39999389648438,70.66000366210938,415.25,987.75,22.139999389648438,189.6999969482422
2024-10-28 00:00:00-04:00,252.35000610351562,70.36000061035156,410.75,974.0,21.959999084472656,190.1750030517578
2024-10-29 00:00:00-04:00,248.10000610351562,70.55999755859375,413.75,965.25,22.079999923706055,189.3000030517578
2024-10-30 00:00:00-04:00,249.60000610351562,69.91999816894531,411.5,976.5,22.219999313354492,188.39999389648438
2024-10-31 00:00:00-04:00,245.89999389648438,69.56999969482422,410.75,982.5,22.739999771118164,193.0
2024-11-01 00:00:00-04:00,242.9499969482422,70.16999816894531,414.5,982.5,22.06999969482422,185.9250030517578
2024-11-04 00:00:00-05:00,245.9499969482422,69.93000030517578,416.5,987.25,21.93000030517578,185.0749969482422
2024-11-05 00:00:00-05:00,250.14999389648438,69.94999694824219,418.5,993.75,21.899999618530273,184.77499389648438
2024-11-06 00:00:00-05:00,248.75,69.69000244140625,426.25,994.5,22.030000686645508,185.39999389648438
2024-11-07 00:00:00-05:00,260.3999938964844,71.05000305175781,427.5,1015.5,22.200000762939453,185.8249969482422
2024-11-08 00:00:00-05:00,253.35000610351562,70.9800033569336,431.0,1016.75,21.81999969482422,183.6999969482422
2024-11-11 00:00:00-05:00,256.20001220703125,69.69000244140625,430.0,1011.75,21.360000610351562,183.6999969482422
2024-11-12 00:00:00-05:00,263.54998779296875,68.7699966430664,428.5,1003.5,21.350000381469727,184.39999389648438
2024-11-13 00:00:00-05:00,271.6499938964844,68.9000015258789,426.5,1004.25,21.170000076293945,184.02499389648438
2024-11-14 00:00:00-05:00,278.95001220703125,68.31999969482422,419.0,985.75,21.559999465942383,182.9499969482422
2024-11-15 00:00:00-05:00,281.79998779296875,66.80000305175781,424.0,998.5,21.579999923706055,182.9499969482422
2024-11-18 00:00:00-05:00,280.75,66.62000274658203,429.25,1009.75,22.200000762939453,184.10000610351562
2024-11-19 00:00:00-05:00,279.75,66.88999938964844,427.25,998.5,22.020000457763672,186.5749969482422
2024-11-20 00:00:00-05:00,295.29998779296875,68.45999908447266,430.25,990.5,21.649999618530273,186.3000030517578
2024-11-21 00:00:00-05:00,298.6499938964844,69.19000244140625,426.75,977.75,21.3799991607666,185.60000610351562
2024-11-22 00:00:00-05:00,305.25,71.6500015258789,425.5,983.5,21.360000610351562,186.77499389648438
2024-11-25 00:00:00-05:00,308.3500061035156,73.19999694824219,424.75,985.75,21.149999618530273,186.5
2024-11-26 00:00:00-05:00,312.1499938964844,73.37000274658203,420.0,983.5,21.56999969482422,186.89999389648438
2024-11-27 00:00:00-05:00,326.1499938964844,73.56999969482422,415.75,988.75,21.690000534057617,188.0
2024-11-29 00:00:00-05:00,321.6499938964844,73.3499984741211,423.0,989.5,21.079999923706055,187.97500610351562
2024-12-02 00:00:00-05:00,299.20001220703125,72.43000030517578,424.5,985.25,21.06999969482422,187.52499389648438
2024-12-03 00:00:00-05:00,297.70001220703125,72.69000244140625,423.25,991.75,21.3700008392334,188.47500610351562
2024-12-04 00:00:00-05:00,305.95001220703125,72.5999984741211,422.0,983.75,21.260000228881836,188.375
2024-12-05 00:00:00-05:00,315.75,72.38999938964844,426.5,993.75,21.200000762939453,186.97500610351562
2024-12-06 00:00:00-05:00,332.5,71.4000015258789,430.75,993.75,21.809999465942383,187.375
2024-12-09 00:00:00-05:00,332.29998779296875,69.94999694824219,434.0,990.0,21.5,187.8000030517578
2024-12-10 00:00:00-05:00,335.6499938964844,69.4800033569336,440.5,994.75,21.040000915527344,189.85000610351562
2024-12-11 00:00:00-05:00,321.70001220703125,70.1500015258789,438.0,995.5,21.280000686645508,192.25
2024-12-12 00:00:00-05:00,322.6000061035156,70.08999633789062,431.75,995.75,20.889999389648438,192.125
2024-12-13 00:00:00-05:00,320.8500061035156,69.2699966430664,430.0,988.25,20.719999313354492,193.64999389648438
2024-12-16 00:00:00-05:00,328.75,69.05999755859375,445.0,982.0,20.68000030517578,192.02499389648438
2024-12-17 00:00:00-05:00,325.45001220703125,68.69000244140625,443.5,976.75,19.84000015258789,192.25
2024-12-18 00:00:00-05:00,333.1499938964844,68.08000183105469,437.25,951.75,19.649999618530273,191.3000030517578
2024-12-19 00:00:00-05:00,323.75,67.91000366210938,440.75,963.0,19.399999618530273,190.35000610351562
2024-12-20 00:00:00-05:00,325.0,68.05999755859375,446.25,974.5,19.510000228881836,191.3249969482422
2024-12-23 00:00:00-05:00,327.25,69.41999816894531,447.75,969.5,19.540000915527344,190.97500610351562
2024-12-24 00:00:00-05:00,328.6000061035156,68.77999877929688,448.5,975.25,19.540000915527344,190.8000030517578
2024-12-26 00:00:00-05:00,324.6499938964844,68.75,453.75,988.0,19.260000228881836,192.77499389648438
2024-12-27 00:00:00-05:00,322.6499938964844,68.88999938964844,454.0,980.0,19.3700008392334,193.5
2024-12-30 00:00:00-05:00,321.0,68.4800033569336,452.25,982.0,19.1299991607666,194.0749969482422
2024-12-31 00:00:00-05:00,319.75,68.4000015258789,458.5,998.25,19.260000228881836,193.85000610351562
2025-01-02 00:00:00-05:00,326.8500061035156,68.56999969482422,459.5,999.5,19.729999542236328,193.60000610351562
2025-01-03 00:00:00-05:00,318.6499938964844,67.66000366210938,450.75,981.0,19.649999618530273,194.0500030517578
2025-01-06 00:00:00-05:00,318.6000061035156,68.68000030517578,457.75,992.5,19.329999923706055,195.1999969482422
2025-01-07 00:00:00-05:00,320.5,68.51000213623047,458.0,992.25,19.450000762939453,195.5749969482422
2025-01-08 00:00:00-05:00,316.45001220703125,68.2300033569336,454.0,987.5,19.239999771118164,193.6999969482422
2025-01-09 00:00:00-05:00,318.5,68.5,456.0,992.25,19.100000381469727,197.60000610351562
2025-01-10 00:00:00-05:00,323.8500061035156,67.01000213623047,470.5,1013.5,19.219999313354492,198.77499389648438
2025-01-13 00:00:00-05:00,325.95001220703125,67.63999938964844,476.5,1041.5,18.899999618530273,197.39999389648438
2025-01-14 00:00:00-05:00,321.95001220703125,67.5,474.5,1043.0,18.31999969482422,197.39999389648438
2025-01-15 00:00:00-05:00,330.45001220703125,67.7699966430664,478.75,1042.75,18.010000228881836,198.52499389648438
2025-01-16 00:00:00-05:00,327.1499938964844,66.7300033569336,474.5,1019.0,18.40999984741211,196.60000610351562
2025-01-17 00:00:00-05:00,328.3500061035156,67.5999984741211,484.25,1034.0,18.219999313354492,196.75
2025-01-20 00:00:00-05:00,328.3500061035156,67.5999984741211,484.25,1034.0,18.219999313354492,196.75
2025-01-21 00:00:00-05:00,327.79998779296875,67.66000366210938,490.0,1067.25,17.790000915527344,197.0500030517578
2025-01-22 00:00:00-05:00,341.8500061035156,67.13999938964844,484.25,1056.0,18.15999984741211,200.0500030517578
2025-01-23 00:00:00-05:00,343.95001220703125,67.47000122070312,489.75,1065.5,18.690000534057617,201.10000610351562
2025-01-24 00:00:00-05:00,347.54998779296875,67.61000061035156,486.5,1055.75,19.020000457763672,204.77499389648438
2025-01-27 00:00:00-05:00,349.20001220703125,67.2699966430664,482.0,1045.0,19.170000076293945,205.6750030517578
2025-01-28 00:00:00-05:00,357.5,66.9800033569336,485.25,1045.0,19.229999542236328,208.5500030517578
2025-01-29 00:00:00-05:00,366.54998779296875,66.66000366210938,497.0,1060.5,19.450000762939453,207.02499389648438
2025-01-30 00:00:00-05:00,373.3999938964844,66.2699966430664,490.25,1044.0,19.469999313354492,204.47500610351562
2025-01-31 00:00:00-05:00,377.8500061035156,65.87999725341797,482.0,1042.0,19.350000381469727,204.60000610351562
2025-02-03 00:00:00-05:00,380.8999938964844,66.04000091552734,488.75,1058.25,19.260000228881836,202.97500610351562
2025-02-04 00:00:00-05:00,383.3500061035156,66.94000244140625,494.5,1075.0,19.65999984741211,201.875
2025-02-05 00:00:00-05:00,397.75,66.04000091552734,493.25,1057.0,19.760000228881836,203.60000610351562
2025-02-06 00:00:00-05:00,403.95001220703125,66.02999877929688,495.25,1060.5,19.56999969482422,200.625
2025-02-07 00:00:00-05:00,404.3500061035156,65.62999725341797,487.5,1049.5,19.360000610351562,200.77499389648438
