Date,Brent,WTI,Nat Gas,HO,RBOB
2023-02-09 00:00:00-05:00,84.5,78.05999755859375,2.430000066757202,2.8153998851776123,2.447499990463257
2023-02-10 00:00:00-05:00,86.38999938964844,79.72000122070312,2.5139999389648438,2.8645999431610107,2.503700017929077
2023-02-13 00:00:00-05:00,86.61000061035156,80.13999938964844,2.4049999713897705,2.9056999683380127,2.531100034713745
2023-02-14 00:00:00-05:00,85.58000183105469,79.05999755859375,2.566999912261963,2.9400999546051025,2.4885001182556152
2023-02-15 00:00:00-05:00,85.37999725341797,78.58999633789062,2.4709999561309814,2.844399929046631,2.49780011177063
2023-02-16 00:00:00-05:00,85.13999938964844,78.48999786376953,2.3889999389648438,2.810800075531006,2.435499906539917
2023-02-17 00:00:00-05:00,83.0,76.33999633789062,2.2750000953674316,2.712100028991699,2.4082000255584717
2023-02-21 00:00:00-05:00,83.05000305175781,76.16000366210938,2.072999954223633,2.7918999195098877,2.415600061416626
2023-02-22 00:00:00-05:00,80.5999984741211,73.94999694824219,2.1740000247955322,2.7147998809814453,2.337599992752075
2023-02-23 00:00:00-05:00,82.20999908447266,75.38999938964844,2.313999891281128,2.7081000804901123,2.379499912261963
2023-02-24 00:00:00-05:00,83.16000366210938,76.31999969482422,2.4509999752044678,2.7962000370025635,2.3587000370025635
2023-02-27 00:00:00-05:00,82.44999694824219,75.68000030517578,2.7309999465942383,2.8197999000549316,2.368299961090088
2023-02-28 00:00:00-05:00,83.88999938964844,77.05000305175781,2.746999979019165,2.8208999633789062,2.434299945831299
2023-03-01 00:00:00-05:00,84.30999755859375,77.69000244140625,2.811000108718872,2.873800039291382,2.674799919128418
2023-03-02 00:00:00-05:00,84.75,78.16000366210938,2.765000104904175,2.8661999702453613,2.7002999782562256
2023-03-03 00:00:00-05:00,85.83000183105469,79.68000030517578,3.009000062942505,2.913100004196167,2.7504000663757324
2023-03-06 00:00:00-05:00,86.18000030517578,80.45999908447266,2.572000026702881,2.8866000175476074,2.7964999675750732
2023-03-07 00:00:00-05:00,83.29000091552734,77.58000183105469,2.687000036239624,2.797499895095825,2.700700044631958
2023-03-08 00:00:00-05:00,82.66000366210938,76.66000366210938,2.5510001182556152,2.7418999671936035,2.6888999938964844
2023-03-09 00:00:00-05:00,81.58999633789062,75.72000122070312,2.5429999828338623,2.6689000129699707,2.60509991645813
2023-03-10 00:00:00-05:00,82.77999877929688,76.68000030517578,2.430000066757202,2.772900104522705,2.6458001136779785
2023-03-13 00:00:00-04:00,80.7699966430664,74.80000305175781,2.6059999465942383,2.7614998817443848,2.591399908065796
2023-03-14 00:00:00-04:00,77.44999694824219,71.33000183105469,2.572999954223633,2.714400053024292,2.552999973297119
2023-03-15 00:00:00-04:00,73.69000244140625,67.61000061035156,2.438999891281128,2.6048998832702637,2.4384000301361084
2023-03-16 00:00:00-04:00,74.69999694824219,68.3499984741211,2.5139999389648438,2.6435000896453857,2.503499984741211
2023-03-17 00:00:00-04:00,72.97000122070312,66.73999786376953,2.3380000591278076,2.6786999702453613,2.501499891281128
2023-03-20 00:00:00-04:00,73.79000091552734,67.63999938964844,2.2230000495910645,2.6870999336242676,2.5360000133514404
2023-03-21 00:00:00-04:00,75.31999969482422,69.33000183105469,2.3480000495910645,2.690200090408325,2.5388998985290527
2023-03-22 00:00:00-04:00,76.69000244140625,70.9000015258789,2.1710000038146973,2.740299940109253,2.5931999683380127
2023-03-23 00:00:00-04:00,75.91000366210938,69.95999908447266,2.1540000438690186,2.6847000122070312,2.6059000492095947
2023-03-24 00:00:00-04:00,74.98999786376953,69.26000213623047,2.2160000801086426,2.695199966430664,2.5885000228881836
2023-03-27 00:00:00-04:00,78.12000274658203,72.80999755859375,2.0880000591278076,2.770400047302246,2.6842000484466553
2023-03-28 00:00:00-04:00,78.6500015258789,73.19999694824219,2.0299999713897705,2.7695999145507812,2.712100028991699
2023-03-29 00:00:00-04:00,78.27999877929688,72.97000122070312,1.9910000562667847,2.658099889755249,2.668100118637085
2023-03-30 00:00:00-04:00,79.2699966430664,74.37000274658203,2.1040000915527344,2.623699903488159,2.661400079727173
2023-03-31 00:00:00-04:00,79.7699966430664,75.66999816894531,2.2160000801086426,2.676300048828125,2.700500011444092
2023-04-03 00:00:00-04:00,84.93000030517578,80.41999816894531,2.0969998836517334,2.662600040435791,2.757499933242798
2023-04-04 00:00:00-04:00,84.94000244140625,80.70999908447266,2.1059999465942383,2.6666998863220215,2.7370998859405518
2023-04-05 00:00:00-04:00,84.98999786376953,80.61000061035156,2.1549999713897705,2.7309999465942383,2.8201000690460205
2023-04-06 00:00:00-04:00,85.12000274658203,80.69999694824219,2.010999917984009,2.6605000495910645,2.8132998943328857
2023-04-10 00:00:00-04:00,84.18000030517578,79.73999786376953,2.171999931335449,2.6814000606536865,2.8078999519348145
2023-04-11 00:00:00-04:00,85.61000061035156,81.52999877929688,2.186000108718872,2.6682000160217285,2.8652000427246094
2023-04-12 00:00:00-04:00,87.33000183105469,83.26000213623047,2.0929999351501465,2.7030999660491943,2.8726999759674072
2023-04-13 00:00:00-04:00,86.08999633789062,82.16000366210938,2.006999969482422,2.672800064086914,2.831700086593628
2023-04-14 00:00:00-04:00,86.30999755859375,82.5199966430664,2.114000082015991,2.63919997215271,2.835900068283081
2023-04-17 00:00:00-04:00,84.76000213623047,80.83000183105469,2.2750000953674316,2.6147000789642334,2.7739999294281006
2023-04-18 00:00:00-04:00,84.7699966430664,80.86000061035156,2.365999937057495,2.599900007247925,2.7509000301361084
2023-04-19 00:00:00-04:00,83.12000274658203,79.16000366210938,2.2219998836517334,2.5576999187469482,2.6454999446868896
2023-04-20 00:00:00-04:00,81.0999984741211,77.29000091552734,2.249000072479248,2.4948999881744385,2.586400032043457
2023-04-21 00:00:00-04:00,81.66000366210938,77.87000274658203,2.2330000400543213,2.488600015640259,2.601599931716919
2023-04-24 00:00:00-04:00,82.7300033569336,78.76000213623047,2.2730000019073486,2.5309998989105225,2.6317999362945557
2023-04-25 00:00:00-04:00,80.7699966430664,77.06999969482422,2.306999921798706,2.4511001110076904,2.588599920272827
2023-04-26 00:00:00-04:00,77.69000244140625,74.30000305175781,2.117000102996826,2.372999906539917,2.5494000911712646
2023-04-27 00:00:00-04:00,78.37000274658203,74.76000213623047,2.3550000190734863,2.3541998863220215,2.5327999591827393
2023-04-28 00:00:00-04:00,79.54000091552734,76.77999877929688,2.4100000858306885,2.378700017929077,2.578000068664551
2023-05-01 00:00:00-04:00,79.30999755859375,75.66000366210938,2.318000078201294,2.3822999000549316,2.5504000186920166
2023-05-02 00:00:00-04:00,75.31999969482422,71.66000366210938,2.2139999866485596,2.2892000675201416,2.435699939727783
2023-05-03 00:00:00-04:00,72.33000183105469,68.5999984741211,2.1700000762939453,2.232300043106079,2.3220999240875244
2023-05-04 00:00:00-04:00,72.5,68.55999755859375,2.1010000705718994,2.2386999130249023,2.325900077819824
2023-05-05 00:00:00-04:00,75.30000305175781,71.33999633789062,2.13700008392334,2.31469988822937,2.378999948501587
2023-05-08 00:00:00-04:00,77.01000213623047,73.16000366210938,2.23799991607666,2.377700090408325,2.4616000652313232
2023-05-09 00:00:00-04:00,77.44000244140625,73.70999908447266,2.2669999599456787,2.390199899673462,2.4798998832702637
2023-05-10 00:00:00-04:00,76.41000366210938,72.55999755859375,2.190999984741211,2.393399953842163,2.4948999881744385
2023-05-11 00:00:00-04:00,74.9800033569336,70.87000274658203,2.190000057220459,2.3494999408721924,2.45770001411438
2023-05-12 00:00:00-04:00,74.16999816894531,70.04000091552734,2.2660000324249268,2.305500030517578,2.4302000999450684
2023-05-15 00:00:00-04:00,75.2300033569336,71.11000061035156,2.375,2.378000020980835,2.4719998836517334
2023-05-16 00:00:00-04:00,74.91000366210938,70.86000061035156,2.375999927520752,2.3638999462127686,2.479099988937378
2023-05-17 00:00:00-04:00,76.95999908447266,72.83000183105469,2.365000009536743,2.422600030899048,2.569200038909912
2023-05-18 00:00:00-04:00,75.86000061035156,71.86000061035156,2.5920000076293945,2.402600049972534,2.5683000087738037
2023-05-19 00:00:00-04:00,75.58000183105469,71.55000305175781,2.5850000381469727,2.3622000217437744,2.5761001110076904
2023-05-22 00:00:00-04:00,75.98999786376953,71.98999786376953,2.4000000953674316,2.3664000034332275,2.648900032043457
2023-05-23 00:00:00-04:00,76.83999633789062,72.91000366210938,2.321000099182129,2.3617000579833984,2.6621999740600586
2023-05-24 00:00:00-04:00,78.36000061035156,74.33999633789062,2.3980000019073486,2.4137001037597656,2.7211999893188477
2023-05-25 00:00:00-04:00,76.26000213623047,71.83000183105469,2.306999921798706,2.3461999893188477,2.6735000610351562
2023-05-26 00:00:00-04:00,76.94999694824219,72.66999816894531,2.180999994277954,2.36929988861084,2.703399896621704
2023-05-30 00:00:00-04:00,73.54000091552734,69.45999908447266,2.3269999027252197,2.2808001041412354,2.595900058746338
2023-05-31 00:00:00-04:00,72.66000366210938,68.08999633789062,2.2660000324249268,2.2595999240875244,2.5599000453948975
2023-06-01 00:00:00-04:00,74.27999877929688,70.0999984741211,2.1579999923706055,2.31469988822937,2.436199903488159
2023-06-02 00:00:00-04:00,76.12999725341797,71.73999786376953,2.171999931335449,2.3568999767303467,2.500699996948242
2023-06-05 00:00:00-04:00,76.70999908447266,72.1500015258789,2.244999885559082,2.377500057220459,2.524399995803833
2023-06-06 00:00:00-04:00,76.29000091552734,71.73999786376953,2.26200008392334,2.367799997329712,2.564300060272217
2023-06-07 00:00:00-04:00,76.94999694824219,72.52999877929688,2.3289999961853027,2.4017999172210693,2.641200065612793
2023-06-08 00:00:00-04:00,75.95999908447266,71.29000091552734,2.3519999980926514,2.3898000717163086,2.6126999855041504
2023-06-09 00:00:00-04:00,74.79000091552734,70.16999816894531,2.253999948501587,2.3610000610351562,2.5931999683380127
2023-06-12 00:00:00-04:00,71.83999633789062,67.12000274658203,2.2660000324249268,2.3090999126434326,2.482599973678589
2023-06-13 00:00:00-04:00,74.29000091552734,69.41999816894531,2.3399999141693115,2.3954999446868896,2.5578999519348145
2023-06-14 00:00:00-04:00,73.19999694824219,68.2699966430664,2.3420000076293945,2.3577001094818115,2.5546000003814697
2023-06-15 00:00:00-04:00,75.66999816894531,70.62000274658203,2.5329999923706055,2.479599952697754,2.641700029373169
2023-06-16 00:00:00-04:00,76.61000061035156,71.77999877929688,2.631999969482422,2.5513999462127686,2.680500030517578
2023-06-20 00:00:00-04:00,75.9000015258789,70.5,2.492000102996826,2.475399971008301,2.6092000007629395
2023-06-21 00:00:00-04:00,77.12000274658203,72.52999877929688,2.5969998836517334,2.564199924468994,2.6240999698638916
2023-06-22 00:00:00-04:00,74.13999938964844,69.51000213623047,2.6080000400543213,2.4655001163482666,2.550100088119507
2023-06-23 00:00:00-04:00,73.8499984741211,69.16000366210938,2.7290000915527344,2.407099962234497,2.517199993133545
2023-06-26 00:00:00-04:00,74.18000030517578,69.37000274658203,2.7909998893737793,2.438800096511841,2.5374999046325684
2023-06-27 00:00:00-04:00,72.26000213623047,67.69999694824219,2.763000011444092,2.3989999294281006,2.5167999267578125
2023-06-28 00:00:00-04:00,74.02999877929688,69.55999755859375,2.6029999256134033,2.4066998958587646,2.6033999919891357
2023-06-29 00:00:00-04:00,74.33999633789062,69.86000061035156,2.7009999752044678,2.415600061416626,2.6177000999450684
2023-06-30 00:00:00-04:00,74.9000015258789,70.63999938964844,2.7980000972747803,2.448199987411499,2.634000062942505
2023-07-03 00:00:00-04:00,74.6500015258789,69.79000091552734,2.7090001106262207,2.3773000240325928,2.462399959564209
2023-07-05 00:00:00-04:00,76.6500015258789,71.79000091552734,2.6570000648498535,2.493299961090088,2.5183000564575195
2023-07-06 00:00:00-04:00,76.5199966430664,71.80000305175781,2.6089999675750732,2.4793999195098877,2.543800115585327
2023-07-07 00:00:00-04:00,78.47000122070312,73.86000061035156,2.5820000171661377,2.5590999126434326,2.5892999172210693
2023-07-10 00:00:00-04:00,77.69000244140625,72.98999786376953,2.6689999103546143,2.5532000064849854,2.5696001052856445
2023-07-11 00:00:00-04:00,79.4000015258789,74.83000183105469,2.7309999465942383,2.583699941635132,2.6226999759674072
2023-07-12 00:00:00-04:00,80.11000061035156,75.75,2.631999969482422,2.599600076675415,2.6670000553131104
2023-07-13 00:00:00-04:00,81.36000061035156,76.88999938964844,2.5450000762939453,2.6103999614715576,2.6786000728607178
2023-07-14 00:00:00-04:00,79.87000274658203,75.41999816894531,2.5390000343322754,2.597899913787842,2.643699884414673
2023-07-17 00:00:00-04:00,78.5,74.1500015258789,2.51200008392334,2.564199924468994,2.631700038909912
2023-07-18 00:00:00-04:00,79.62999725341797,75.75,2.628999948501587,2.599400043487549,2.6944000720977783
2023-07-19 00:00:00-04:00,79.45999908447266,75.3499984741211,2.6029999256134033,2.6417999267578125,2.7204999923706055
2023-07-20 00:00:00-04:00,79.63999938964844,75.62999725341797,2.756999969482422,2.664400100708008,2.7432000637054443
2023-07-21 00:00:00-04:00,81.06999969482422,77.06999969482422,2.7130000591278076,2.745699882507324,2.801800012588501
2023-07-24 00:00:00-04:00,82.73999786376953,78.73999786376953,2.684999942779541,2.7704999446868896,2.8951001167297363
2023-07-25 00:00:00-04:00,83.63999938964844,79.62999725341797,2.7300000190734863,2.777600049972534,2.853300094604492
2023-07-26 00:00:00-04:00,82.91999816894531,78.77999877929688,2.6649999618530273,2.842900037765503,2.9072000980377197
2023-07-27 00:00:00-04:00,84.23999786376953,80.08999633789062,2.492000102996826,2.9168999195098877,2.950500011444092
2023-07-28 00:00:00-04:00,84.98999786376953,80.58000183105469,2.638000011444092,2.9586000442504883,2.9558000564575195
2023-07-31 00:00:00-04:00,85.55999755859375,81.80000305175781,2.634000062942505,2.9909000396728516,2.928999900817871
2023-08-01 00:00:00-04:00,84.91000366210938,81.37000274658203,2.559999942779541,3.023400068283081,2.872999906539917
2023-08-02 00:00:00-04:00,83.19999694824219,79.48999786376953,2.4769999980926514,3.004300117492676,2.7757999897003174
2023-08-03 00:00:00-04:00,85.13999938964844,81.55000305175781,2.565000057220459,3.074899911880493,2.764699935913086
2023-08-04 00:00:00-04:00,86.23999786376953,82.81999969482422,2.5769999027252197,3.0622000694274902,2.783099889755249
2023-08-07 00:00:00-04:00,85.33999633789062,81.94000244140625,2.7249999046325684,3.015500068664551,2.8043999671936035
2023-08-08 00:00:00-04:00,86.16999816894531,82.91999816894531,2.7769999504089355,3.085599899291992,2.845099925994873
2023-08-09 00:00:00-04:00,87.55000305175781,84.4000015258789,2.9590001106262207,3.2070000171661377,2.9284000396728516
2023-08-10 00:00:00-04:00,86.4000015258789,82.81999969482422,2.763000011444092,3.1533000469207764,2.9047000408172607
2023-08-11 00:00:00-04:00,86.80999755859375,83.19000244140625,2.7699999809265137,3.121500015258789,2.964900016784668
2023-08-14 00:00:00-04:00,86.20999908447266,82.51000213623047,2.7950000762939453,3.0882999897003174,2.9061999320983887
2023-08-15 00:00:00-04:00,84.88999938964844,80.98999786376953,2.6589999198913574,3.0280001163482666,2.847599983215332
2023-08-16 00:00:00-04:00,83.44999694824219,79.37999725341797,2.5920000076293945,3.020900011062622,2.8671000003814697
2023-08-17 00:00:00-04:00,84.12000274658203,80.38999938964844,2.621000051498413,3.0938000679016113,2.821700096130371
2023-08-18 00:00:00-04:00,84.80000305175781,81.25,2.5510001182556152,3.1596999168395996,2.823199987411499
2023-08-21 00:00:00-04:00,84.45999908447266,80.72000122070312,2.631999969482422,3.1161999702453613,2.772599935531616
2023-08-22 00:00:00-04:00,84.02999877929688,80.3499984741211,2.559999942779541,3.1387999057769775,2.789099931716919
2023-08-23 00:00:00-04:00,83.20999908447266,78.88999938964844,2.496999979019165,3.1291000843048096,2.7688000202178955
2023-08-24 00:00:00-04:00,83.36000061035156,79.05000305175781,2.5190000534057617,3.156399965286255,2.7799999713897705
2023-08-25 00:00:00-04:00,84.4800033569336,79.83000183105469,2.5399999618530273,3.307499885559082,2.8763999938964844
2023-08-28 00:00:00-04:00,84.41999816894531,80.0999984741211,2.5789999961853027,3.203700065612793,2.7957000732421875
2023-08-29 00:00:00-04:00,85.48999786376953,81.16000366210938,2.555999994277954,3.2095000743865967,2.7904999256134033
2023-08-30 00:00:00-04:00,85.86000061035156,81.62999725341797,2.7960000038146973,3.0961999893188477,2.8092000484466553
2023-08-31 00:00:00-04:00,86.86000061035156,83.62999725341797,2.7679998874664307,3.1426000595092773,2.766400098800659
2023-09-01 00:00:00-04:00,88.55000305175781,85.55000305175781,2.765000104904175,3.1050000190734863,2.591200113296509
2023-09-05 00:00:00-04:00,90.04000091552734,86.69000244140625,2.5820000171661377,3.219599962234497,2.5810000896453857
2023-09-06 00:00:00-04:00,90.5999984741211,87.54000091552734,2.509999990463257,3.192699909210205,2.6013998985290527
2023-09-07 00:00:00-04:00,89.91999816894531,86.87000274658203,2.5789999961853027,3.2123000621795654,2.622999906539917
2023-09-08 00:00:00-04:00,90.6500015258789,87.51000213623047,2.6050000190734863,3.299099922180176,2.653700113296509
2023-09-11 00:00:00-04:00,90.63999938964844,87.29000091552734,2.6080000400543213,3.3622000217437744,2.7186999320983887
2023-09-12 00:00:00-04:00,92.05999755859375,88.83999633789062,2.743000030517578,3.3282999992370605,2.7279000282287598
2023-09-13 00:00:00-04:00,91.87999725341797,88.5199966430664,2.680000066757202,3.4354000091552734,2.7383999824523926
2023-09-14 00:00:00-04:00,93.69999694824219,90.16000366210938,2.7079999446868896,3.4814999103546143,2.7427000999450684
2023-09-15 00:00:00-04:00,93.93000030517578,90.7699966430664,2.6440000534057617,3.3833999633789062,2.7081000804901123
2023-09-18 00:00:00-04:00,94.43000030517578,91.4800033569336,2.7279999256134033,3.288300037384033,2.6979000568389893
2023-09-19 00:00:00-04:00,94.33999633789062,91.19999694824219,2.8480000495910645,3.3738999366760254,2.658099889755249
2023-09-20 00:00:00-04:00,93.52999877929688,90.27999877929688,2.7330000400543213,3.3268001079559326,2.6191999912261963
2023-09-21 00:00:00-04:00,93.30000305175781,89.62999725341797,2.609999895095825,3.368000030517578,2.6198999881744385
2023-09-22 00:00:00-04:00,93.2699966430664,90.02999877929688,2.63700008392334,3.3062000274658203,2.561800003051758
2023-09-25 00:00:00-04:00,93.29000091552734,89.68000030517578,2.6389999389648438,3.262200117111206,2.5439000129699707
2023-09-26 00:00:00-04:00,93.95999908447266,90.38999938964844,2.6559998989105225,3.22379994392395,2.5622000694274902
2023-09-27 00:00:00-04:00,96.55000305175781,93.68000030517578,2.7639999389648438,3.31469988822937,2.598599910736084
2023-09-28 00:00:00-04:00,95.37999725341797,91.70999908447266,2.944999933242798,3.318000078201294,2.5053000450134277
2023-09-29 00:00:00-04:00,95.30999755859375,90.79000091552734,2.928999900817871,3.3622000217437744,2.4398999214172363
2023-10-02 00:00:00-04:00,90.70999908447266,88.81999969482422,2.8399999141693115,3.2225000858306885,2.4121999740600586
2023-10-03 00:00:00-04:00,90.91999816894531,89.2300033569336,2.9489998817443848,3.1953999996185303,2.360100030899048
2023-10-04 00:00:00-04:00,85.80999755859375,84.22000122070312,2.9619998931884766,3.0178000926971436,2.197999954223633
2023-10-05 00:00:00-04:00,84.06999969482422,82.30999755859375,3.1659998893737793,2.8687000274658203,2.188999891281128
2023-10-06 00:00:00-04:00,84.58000183105469,82.79000091552734,3.3380000591278076,2.9007999897003174,2.192199945449829
2023-10-09 00:00:00-04:00,88.1500015258789,86.37999725341797,3.375999927520752,2.966599941253662,2.238100051879883
2023-10-10 00:00:00-04:00,87.6500015258789,85.97000122070312,3.381999969482422,3.0201001167297363,2.2583999633789062
2023-10-11 00:00:00-04:00,85.81999969482422,83.48999786376953,3.377000093460083,2.998500108718872,2.210099935531616
2023-10-12 00:00:00-04:00,86.0,82.91000366210938,3.3440001010894775,3.0448999404907227,2.1649999618530273
2023-10-13 00:00:00-04:00,90.88999938964844,87.69000244140625,3.2360000610351562,3.211699962615967,2.2653000354766846
2023-10-16 00:00:00-04:00,89.6500015258789,86.66000366210938,3.1089999675750732,3.149199962615967,2.2730000019073486
2023-10-17 00:00:00-04:00,89.9000015258789,86.66000366210938,3.0789999961853027,3.1767001152038574,2.2844998836517334
2023-10-18 00:00:00-04:00,91.5,88.31999969482422,3.055999994277954,3.1393001079559326,2.3534998893737793
2023-10-19 00:00:00-04:00,92.37999725341797,89.37000274658203,2.9570000171661377,3.1730000972747803,2.3617000579833984
2023-10-20 00:00:00-04:00,92.16000366210938,88.75,2.8989999294281006,3.156599998474121,2.3736000061035156
2023-10-23 00:00:00-04:00,89.83000183105469,85.48999786376953,2.9260001182556152,3.0954999923706055,2.3285000324249268
2023-10-24 00:00:00-04:00,88.06999969482422,83.73999786376953,2.9709999561309814,3.0448999404907227,2.2676000595092773
2023-10-25 00:00:00-04:00,90.12999725341797,85.38999938964844,3.009999990463257,3.0304999351501465,2.2841999530792236
2023-10-26 00:00:00-04:00,87.93000030517578,83.20999908447266,3.2139999866485596,3.0439000129699707,2.2560999393463135
2023-10-27 00:00:00-04:00,90.4800033569336,85.54000091552734,3.1640000343322754,3.0518999099731445,2.3125
2023-10-30 00:00:00-04:00,87.44999694824219,82.30999755859375,3.3519999980926514,2.9663000106811523,2.2200000286102295
2023-10-31 00:00:00-04:00,87.41000366210938,81.0199966430664,3.575000047683716,2.990999937057495,2.2227001190185547
2023-11-01 00:00:00-04:00,84.62999725341797,80.44000244140625,3.49399995803833,2.9614999294281006,2.185499906539917
2023-11-02 00:00:00-04:00,86.8499984741211,82.45999908447266,3.4719998836517334,3.0255000591278076,2.246000051498413
2023-11-03 00:00:00-04:00,84.88999938964844,80.51000213623047,3.515000104904175,2.923799991607666,2.2009999752044678
2023-11-06 00:00:00-05:00,85.18000030517578,80.81999969482422,3.2639999389648438,2.952399969100952,2.2358999252319336
2023-11-07 00:00:00-05:00,81.61000061035156,77.37000274658203,3.140000104904175,2.838399887084961,2.1677000522613525
2023-11-08 00:00:00-05:00,79.54000091552734,75.33000183105469,3.1059999465942383,2.7492001056671143,2.128499984741211
2023-11-09 00:00:00-05:00,80.01000213623047,75.73999786376953,3.0409998893737793,2.719099998474121,2.160799980163574
2023-11-10 00:00:00-05:00,81.43000030517578,77.16999816894531,3.0329999923706055,2.7430999279022217,2.189500093460083
2023-11-13 00:00:00-05:00,82.5199966430664,78.26000213623047,3.197000026702881,2.8392999172210693,2.2358999252319336
2023-11-14 00:00:00-05:00,82.47000122070312,78.26000213623047,3.1059999465942383,2.837100028991699,2.2228000164031982
2023-11-15 00:00:00-05:00,81.18000030517578,76.66000366210938,3.190000057220459,2.8687000274658203,2.2018001079559326
2023-11-16 00:00:00-05:00,77.41999816894531,72.9000015258789,3.062000036239624,2.750200033187866,2.101099967956543
2023-11-17 00:00:00-05:00,80.61000061035156,75.88999938964844,2.9600000381469727,2.7725000381469727,2.184499979019165
2023-11-20 00:00:00-05:00,82.31999969482422,77.5999984741211,2.881999969482422,2.8494999408721924,2.2260000705718994
2023-11-21 00:00:00-05:00,82.44999694824219,77.7699966430664,2.8459999561309814,2.9249000549316406,2.233799934387207
2023-11-22 00:00:00-05:00,81.95999908447266,77.0999984741211,2.8970000743865967,2.8891000747680664,2.2323999404907227
2023-11-23 00:00:00-05:00,81.37000274658203,77.0999984741211,2.934000015258789,2.8712000846862793,2.214400053024292
2023-11-24 00:00:00-05:00,80.58000183105469,75.54000091552734,2.8550000190734863,2.835700035095215,2.16510009765625
2023-11-27 00:00:00-05:00,79.9800033569336,74.86000061035156,2.7939999103546143,2.837899923324585,2.1798999309539795
2023-11-28 00:00:00-05:00,81.68000030517578,76.41000366210938,2.7060000896453857,2.9070000648498535,2.2300000190734863
2023-11-29 00:00:00-05:00,83.0999984741211,77.86000061035156,2.803999900817871,2.8884999752044678,2.283600091934204
2023-11-30 00:00:00-05:00,82.83000183105469,75.95999908447266,2.802000045776367,2.8304998874664307,2.1998000144958496
2023-12-01 00:00:00-05:00,78.87999725341797,74.06999969482422,2.813999891281128,2.6614999771118164,2.1210999488830566
2023-12-04 00:00:00-05:00,78.02999877929688,73.04000091552734,2.694000005722046,2.6596999168395996,2.134200096130371
2023-12-05 00:00:00-05:00,77.19999694824219,72.31999969482422,2.7100000381469727,2.6410999298095703,2.110300064086914
2023-12-06 00:00:00-05:00,74.30000305175781,69.37999725341797,2.569000005722046,2.576200008392334,2.0302000045776367
2023-12-07 00:00:00-05:00,74.05000305175781,69.33999633789062,2.5850000381469727,2.5492000579833984,2.001199960708618
2023-12-08 00:00:00-05:00,75.83999633789062,71.2300033569336,2.5810000896453857,2.5810000896453857,2.049799919128418
2023-12-11 00:00:00-05:00,76.02999877929688,71.31999969482422,2.430999994277954,2.6087000370025635,2.043100118637085
2023-12-12 00:00:00-05:00,73.23999786376953,68.61000061035156,2.311000108718872,2.5074000358581543,1.979699969291687
2023-12-13 00:00:00-05:00,74.26000213623047,69.47000122070312,2.3350000381469727,2.548099994659424,2.024899959564209
2023-12-14 00:00:00-05:00,76.61000061035156,71.58000183105469,2.3919999599456787,2.5913000106811523,2.118799924850464
2023-12-15 00:00:00-05:00,76.55000305175781,71.43000030517578,2.490999937057495,2.620800018310547,2.13700008392334
2023-12-18 00:00:00-05:00,77.94999694824219,72.47000122070312,2.503000020980835,2.672800064086914,2.1589999198913574
2023-12-19 00:00:00-05:00,79.2300033569336,73.44000244140625,2.492000102996826,2.7167999744415283,2.2007999420166016
2023-12-20 00:00:00-05:00,79.69999694824219,74.22000122070312,2.447000026702881,2.7084999084472656,2.200700044631958
2023-12-21 00:00:00-05:00,79.38999938964844,73.88999938964844,2.572000026702881,2.6967999935150146,2.1584999561309814
2023-12-22 00:00:00-05:00,79.06999969482422,73.55999755859375,2.609999895095825,2.6612000465393066,2.1301000118255615
2023-12-26 00:00:00-05:00,81.06999969482422,75.56999969482422,2.549999952316284,2.668800115585327,2.1582999229431152
2023-12-27 00:00:00-05:00,79.6500015258789,74.11000061035156,2.61899995803833,2.6238999366760254,2.1549999713897705
2023-12-28 00:00:00-05:00,78.38999938964844,71.7699966430664,2.556999921798706,2.556299924850464,2.085200071334839
2023-12-29 00:00:00-05:00,77.04000091552734,71.6500015258789,2.5139999389648438,2.553100109100342,2.10260009765625
2024-01-02 00:00:00-05:00,75.88999938964844,70.37999725341797,2.568000078201294,2.5257999897003174,2.094899892807007
2024-01-03 00:00:00-05:00,78.25,72.69999694824219,2.6679999828338623,2.6043999195098877,2.158099889755249
2024-01-04 00:00:00-05:00,77.58999633789062,72.19000244140625,2.821000099182129,2.588399887084961,2.110100030899048
2024-01-05 00:00:00-05:00,78.76000213623047,73.80999755859375,2.8929998874664307,2.6085000038146973,2.1054999828338623
2024-01-08 00:00:00-05:00,76.12000274658203,70.7699966430664,2.9800000190734863,2.576900005340576,2.0278000831604004
2024-01-09 00:00:00-05:00,77.58999633789062,72.23999786376953,3.190000057220459,2.650399923324585,2.0768001079559326
2024-01-10 00:00:00-05:00,76.80000305175781,71.37000274658203,3.0390000343322754,2.600600004196167,2.0673000812530518
2024-01-11 00:00:00-05:00,77.41000366210938,72.0199966430664,3.0969998836517334,2.673799991607666,2.114300012588501
2024-01-12 00:00:00-05:00,78.29000091552734,72.68000030517578,3.312999963760376,2.669300079345703,2.120300054550171
2024-01-16 00:00:00-05:00,78.29000091552734,72.4000015258789,2.9000000953674316,2.660599946975708,2.1219000816345215
2024-01-17 00:00:00-05:00,77.87999725341797,72.55999755859375,2.869999885559082,2.653599977493286,2.1354000568389893
2024-01-18 00:00:00-05:00,79.0999984741211,74.08000183105469,2.697000026702881,2.6935999393463135,2.183500051498413
2024-01-19 00:00:00-05:00,78.55999755859375,73.41000366210938,2.5190000534057617,2.662100076675415,2.1628000736236572
2024-01-22 00:00:00-05:00,80.05999755859375,75.19000244140625,2.4189999103546143,2.69350004196167,2.237799882888794
2024-01-23 00:00:00-05:00,79.55000305175781,74.37000274658203,2.450000047683716,2.6912999153137207,2.210099935531616
2024-01-24 00:00:00-05:00,80.04000091552734,75.08999633789062,2.6410000324249268,2.68179988861084,2.2095000743865967
2024-01-25 00:00:00-05:00,82.43000030517578,77.36000061035156,2.571000099182129,2.7953999042510986,2.264400005340576
2024-01-26 00:00:00-05:00,83.55000305175781,78.01000213623047,2.7119998931884766,2.843400001525879,2.294100046157837
2024-01-29 00:00:00-05:00,82.4000015258789,76.77999877929688,2.490000009536743,2.833899974822998,2.2284998893737793
2024-01-30 00:00:00-05:00,82.87000274658203,77.81999969482422,2.0769999027252197,2.80679988861084,2.260699987411499
2024-01-31 00:00:00-05:00,81.70999908447266,75.8499984741211,2.0999999046325684,2.808199882507324,2.183300018310547
2024-02-01 00:00:00-05:00,78.69999694824219,73.81999969482422,2.049999952316284,2.712899923324585,2.1947999000549316
2024-02-02 00:00:00-05:00,77.33000183105469,72.27999877929688,2.0789999961853027,2.6600000858306885,2.1475000381469727
2024-02-05 00:00:00-05:00,77.98999786376953,72.77999877929688,2.0820000171661377,2.7248001098632812,2.209199905395508
2024-02-06 00:00:00-05:00,78.58999633789062,73.30999755859375,2.009000062942505,2.7427000999450684,2.2172999382019043
2024-02-07 00:00:00-05:00,79.20999908447266,73.86000061035156,1.9670000076293945,2.815200090408325,2.263000011444092
2024-02-08 00:00:00-05:00,81.62999725341797,76.22000122070312,1.9170000553131104,2.8907999992370605,2.3420000076293945
2024-02-09 00:00:00-05:00,82.19000244140625,76.83999633789062,1.847000002861023,2.964200019836426,2.3394999504089355
2024-02-12 00:00:00-05:00,82.0,76.91999816894531,1.7680000066757202,2.919600009918213,2.367300033569336
2024-02-13 00:00:00-05:00,82.7699966430664,77.87000274658203,1.6890000104904175,2.895900011062622,2.3945999145507812
2024-02-14 00:00:00-05:00,81.5999984741211,76.63999938964844,1.6089999675750732,2.8101000785827637,2.3169000148773193
2024-02-15 00:00:00-05:00,82.86000061035156,78.02999877929688,1.5809999704360962,2.823699951171875,2.3183000087738037
2024-02-16 00:00:00-05:00,83.47000122070312,79.19000244140625,1.6089999675750732,2.8066000938415527,2.3359999656677246
2024-02-20 00:00:00-05:00,82.33999633789062,78.18000030517578,1.5759999752044678,2.7314999103546143,2.277400016784668
2024-02-21 00:00:00-05:00,83.02999877929688,77.91000366210938,1.7730000019073486,2.705199956893921,2.2860000133514404
2024-02-22 00:00:00-05:00,83.66999816894531,78.61000061035156,1.7319999933242798,2.752000093460083,2.334700107574463
2024-02-23 00:00:00-05:00,81.62000274658203,76.48999786376953,1.6030000448226929,2.68969988822937,2.276700019836426
2024-02-26 00:00:00-05:00,82.52999877929688,77.58000183105469,1.659000039100647,2.762700080871582,2.3055999279022217
2024-02-27 00:00:00-05:00,83.6500015258789,78.87000274658203,1.6150000095367432,2.746000051498413,2.344399929046631
2024-02-28 00:00:00-05:00,83.68000030517578,78.54000091552734,1.8849999904632568,2.6582999229431152,2.2709999084472656
2024-02-29 00:00:00-05:00,83.62000274658203,78.26000213623047,1.8600000143051147,2.683799982070923,2.30430006980896
2024-03-01 00:00:00-05:00,83.55000305175781,79.97000122070312,1.8350000381469727,2.704200029373169,2.6143999099731445
2024-03-04 00:00:00-05:00,82.80000305175781,78.73999786376953,1.9160000085830688,2.647200107574463,2.585700035095215
2024-03-05 00:00:00-05:00,82.04000091552734,78.1500015258789,1.9570000171661377,2.6064999103546143,2.5327999591827393
2024-03-06 00:00:00-05:00,82.95999908447266,79.12999725341797,1.9290000200271606,2.663300037384033,2.5539000034332275
2024-03-07 00:00:00-05:00,82.95999908447266,78.93000030517578,1.8179999589920044,2.694700002670288,2.554800033569336
2024-03-08 00:00:00-05:00,82.08000183105469,78.01000213623047,1.8049999475479126,2.640899896621704,2.5271999835968018
2024-03-11 00:00:00-04:00,82.20999908447266,77.93000030517578,1.7589999437332153,2.6517999172210693,2.5804998874664307
2024-03-12 00:00:00-04:00,81.91999816894531,77.55999755859375,1.7139999866485596,2.616499900817871,2.586400032043457
2024-03-13 00:00:00-04:00,84.02999877929688,79.72000122070312,1.6579999923706055,2.6851000785827637,2.6614999771118164
2024-03-14 00:00:00-04:00,85.41999816894531,81.26000213623047,1.7410000562667847,2.7088000774383545,2.7032999992370605
2024-03-15 00:00:00-04:00,85.33999633789062,81.04000091552734,1.6549999713897705,2.7269999980926514,2.7207999229431152
2024-03-18 00:00:00-04:00,86.88999938964844,82.72000122070312,1.7029999494552612,2.7881999015808105,2.7572999000549316
2024-03-19 00:00:00-04:00,87.37999725341797,83.47000122070312,1.74399995803833,2.760699987411499,2.762200117111206
2024-03-20 00:00:00-04:00,85.94999694824219,81.68000030517578,1.6990000009536743,2.69569993019104,2.7332000732421875
2024-03-21 00:00:00-04:00,85.77999877929688,81.06999969482422,1.6829999685287476,2.668800115585327,2.727099895477295
2024-03-22 00:00:00-04:00,85.43000030517578,80.62999725341797,1.659000039100647,2.65339994430542,2.739799976348877
2024-03-25 00:00:00-04:00,86.75,81.94999694824219,1.6150000095367432,2.6786000728607178,2.7483999729156494
2024-03-26 00:00:00-04:00,86.25,81.62000274658203,1.5750000476837158,2.621799945831299,2.7005999088287354
2024-03-27 00:00:00-04:00,86.08999633789062,81.3499984741211,1.718000054359436,2.598599910736084,2.6847000122070312
2024-03-28 00:00:00-04:00,87.4800033569336,83.16999816894531,1.7630000114440918,2.615600109100342,2.7611000537872314
2024-04-01 00:00:00-04:00,87.41999816894531,83.70999908447266,1.8370000123977661,2.6270999908447266,2.7100000381469727
2024-04-02 00:00:00-04:00,88.91999816894531,85.1500015258789,1.8619999885559082,2.711899995803833,2.7588999271392822
2024-04-03 00:00:00-04:00,89.3499984741211,85.43000030517578,1.840999960899353,2.7323999404907227,2.7609000205993652
2024-04-04 00:00:00-04:00,90.6500015258789,86.58999633789062,1.7740000486373901,2.741300106048584,2.7941999435424805
2024-04-05 00:00:00-04:00,91.16999816894531,86.91000366210938,1.784999966621399,2.7730000019073486,2.788599967956543
2024-04-08 00:00:00-04:00,90.37999725341797,86.43000030517578,1.843999981880188,2.7286999225616455,2.7486000061035156
2024-04-09 00:00:00-04:00,89.41999816894531,85.2300033569336,1.871999979019165,2.677000045776367,2.7555999755859375
2024-04-10 00:00:00-04:00,90.4800033569336,86.20999908447266,1.8849999904632568,2.7076001167297363,2.781599998474121
2024-04-11 00:00:00-04:00,89.73999786376953,85.0199966430664,1.7640000581741333,2.6598000526428223,2.7741000652313232
2024-04-12 00:00:00-04:00,90.44999694824219,85.66000366210938,1.7699999809265137,2.6851000785827637,2.8029000759124756
2024-04-15 00:00:00-04:00,90.0999984741211,85.41000366210938,1.690999984741211,2.6542000770568848,2.783900022506714
2024-04-16 00:00:00-04:00,90.0199966430664,85.36000061035156,1.7319999933242798,2.6512999534606934,2.8222999572753906
2024-04-17 00:00:00-04:00,87.29000091552734,82.69000244140625,1.7120000123977661,2.574700117111206,2.7286999225616455
2024-04-18 00:00:00-04:00,87.11000061035156,82.7300033569336,1.7569999694824219,2.533900022506714,2.71370005607605
2024-04-19 00:00:00-04:00,87.29000091552734,83.13999938964844,1.7519999742507935,2.541300058364868,2.7102999687194824
2024-04-22 00:00:00-04:00,87.0,82.8499984741211,1.7910000085830688,2.5604000091552734,2.6854000091552734
2024-04-23 00:00:00-04:00,88.41999816894531,83.36000061035156,1.812000036239624,2.579200029373169,2.7253000736236572
2024-04-24 00:00:00-04:00,88.0199966430664,82.80999755859375,1.652999997138977,2.5499000549316406,2.734299898147583
2024-04-25 00:00:00-04:00,89.01000213623047,83.56999969482422,1.6380000114440918,2.5504000186920166,2.75819993019104
2024-04-26 00:00:00-04:00,89.5,83.8499984741211,1.6139999628067017,2.5481998920440674,2.7646000385284424
2024-04-29 00:00:00-04:00,88.4000015258789,82.62999725341797,2.0299999713897705,2.5313000679016113,2.748699903488159
2024-04-30 00:00:00-04:00,87.86000061035156,81.93000030517578,1.9910000562667847,2.513400077819824,2.7107999324798584
2024-05-01 00:00:00-04:00,83.44000244140625,79.0,1.9320000410079956,2.451900005340576,2.577399969100952
2024-05-02 00:00:00-04:00,83.66999816894531,78.94999694824219,2.0350000858306885,2.4430999755859375,2.5964999198913574
2024-05-03 00:00:00-04:00,82.95999908447266,78.11000061035156,2.1419999599456787,2.4433999061584473,2.5550999641418457
2024-05-06 00:00:00-04:00,83.33000183105469,78.4800033569336,2.194999933242798,2.461400032043457,2.588200092315674
2024-05-07 00:00:00-04:00,83.16000366210938,78.37999725341797,2.2070000171661377,2.46560001373291,2.5434000492095947
2024-05-08 00:00:00-04:00,83.58000183105469,78.98999786376953,2.187000036239624,2.476099967956543,2.5318000316619873
2024-05-09 00:00:00-04:00,83.87999725341797,79.26000213623047,2.3010001182556152,2.47760009765625,2.541800022125244
2024-05-10 00:00:00-04:00,82.79000091552734,78.26000213623047,2.252000093460083,2.4344000816345215,2.4997000694274902
2024-05-13 00:00:00-04:00,83.36000061035156,79.12000274658203,2.38100004196167,2.436800003051758,2.510499954223633
2024-05-14 00:00:00-04:00,82.37999725341797,78.0199966430664,2.3440001010894775,2.4200000762939453,2.4595999717712402
2024-05-15 00:00:00-04:00,82.75,78.62999725341797,2.4159998893737793,2.423099994659424,2.496799945831299
2024-05-16 00:00:00-04:00,83.2699966430664,79.2300033569336,2.494999885559082,2.443700075149536,2.5378000736236572
2024-05-17 00:00:00-04:00,83.9800033569336,80.05999755859375,2.625999927520752,2.486299991607666,2.574199914932251
2024-05-20 00:00:00-04:00,83.70999908447266,79.80000305175781,2.750999927520752,2.4870998859405518,2.539900064468384
2024-05-21 00:00:00-04:00,82.87999725341797,79.26000213623047,2.6710000038146973,2.4623000621795654,2.509999990463257
2024-05-22 00:00:00-04:00,81.9000015258789,77.56999969482422,2.8420000076293945,2.43179988861084,2.4677999019622803
2024-05-23 00:00:00-04:00,81.36000061035156,76.87000274658203,2.6570000648498535,2.411799907684326,2.469399929046631
2024-05-24 00:00:00-04:00,82.12000274658203,77.72000122070312,2.5199999809265137,2.413599967956543,2.4842000007629395
2024-05-28 00:00:00-04:00,84.22000122070312,79.83000183105469,2.5899999141693115,2.4649999141693115,2.509000062942505
2024-05-29 00:00:00-04:00,83.5999984741211,79.2300033569336,2.493000030517578,2.437000036239624,2.464400053024292
2024-05-30 00:00:00-04:00,81.86000061035156,77.91000366210938,2.572000026702881,2.3694000244140625,2.404599905014038
2024-05-31 00:00:00-04:00,81.62000274658203,76.98999786376953,2.5869998931884766,2.363600015640259,2.4260001182556152
2024-06-03 00:00:00-04:00,78.36000061035156,74.22000122070312,2.75600004196167,2.2962000370025635,2.335599899291992
2024-06-04 00:00:00-04:00,77.5199966430664,73.25,2.5859999656677246,2.285900115966797,2.3494999408721924
2024-06-05 00:00:00-04:00,78.41000366210938,74.06999969482422,2.756999969482422,2.301100015640259,2.353600025177002
2024-06-06 00:00:00-04:00,79.87000274658203,75.55000305175781,2.821000099182129,2.357599973678589,2.3975000381469727
2024-06-07 00:00:00-04:00,79.62000274658203,75.52999877929688,2.9179999828338623,2.3517000675201416,2.3826000690460205
2024-06-10 00:00:00-04:00,81.62999725341797,77.73999786376953,2.9059998989105225,2.4147000312805176,2.410900115966797
2024-06-11 00:00:00-04:00,81.91999816894531,77.9000015258789,3.128999948501587,2.421299934387207,2.408900022506714
2024-06-12 00:00:00-04:00,82.5999984741211,78.5,3.0450000762939453,2.4407999515533447,2.394399881362915
2024-06-13 00:00:00-04:00,82.75,78.62000274658203,2.9590001106262207,2.486799955368042,2.415600061416626
2024-06-14 00:00:00-04:00,82.62000274658203,78.44999694824219,2.88100004196167,2.470599889755249,2.399600028991699
2024-06-17 00:00:00-04:00,84.25,80.33000183105469,2.7880001068115234,2.4825000762939453,2.446899890899658
2024-06-18 00:00:00-04:00,85.33000183105469,81.56999969482422,2.9089999198913574,2.5208001136779785,2.4832000732421875
2024-06-20 00:00:00-04:00,85.70999908447266,82.16999816894531,2.740999937057495,2.5244998931884766,2.5007998943328857
2024-06-21 00:00:00-04:00,85.23999786376953,80.7300033569336,2.7049999237060547,2.491499900817871,2.513700008392334
2024-06-24 00:00:00-04:00,86.01000213623047,81.62999725341797,2.811000108718872,2.521399974822998,2.5114998817443848
2024-06-25 00:00:00-04:00,85.01000213623047,80.83000183105469,2.75600004196167,2.509399890899658,2.514699935913086
2024-06-26 00:00:00-04:00,85.25,80.9000015258789,2.628000020980835,2.5374999046325684,2.544600009918213
2024-06-27 00:00:00-04:00,86.38999938964844,81.73999786376953,2.684999942779541,2.547600030899048,2.545599937438965
2024-06-28 00:00:00-04:00,86.41000366210938,81.54000091552734,2.6010000705718994,2.516900062561035,2.529099941253662
2024-07-01 00:00:00-04:00,86.5999984741211,83.37999725341797,2.4779999256134033,2.6147000789642334,2.5782999992370605
2024-07-02 00:00:00-04:00,86.23999786376953,82.80999755859375,2.434999942779541,2.629699945449829,2.5734000205993652
2024-07-03 00:00:00-04:00,87.33999633789062,83.87999725341797,2.4179999828338623,2.6342999935150146,2.601300001144409
2024-07-05 00:00:00-04:00,86.54000091552734,83.16000366210938,2.319000005722046,2.602400064468384,2.5590999126434326
2024-07-08 00:00:00-04:00,85.75,82.33000183105469,2.365999937057495,2.5790998935699463,2.537899971008301
2024-07-09 00:00:00-04:00,84.66000366210938,81.41000366210938,2.3440001010894775,2.5236001014709473,2.527400016784668
2024-07-10 00:00:00-04:00,85.08000183105469,82.0999984741211,2.3289999961853027,2.518399953842163,2.5034000873565674
2024-07-11 00:00:00-04:00,85.4000015258789,82.62000274658203,2.2679998874664307,2.518199920654297,2.5178000926971436
2024-07-12 00:00:00-04:00,85.02999877929688,82.20999908447266,2.3289999961853027,2.5095999240875244,2.5153000354766846
2024-07-15 00:00:00-04:00,84.8499984741211,81.91000366210938,2.1579999923706055,2.5136001110076904,2.4916000366210938
2024-07-16 00:00:00-04:00,83.7300033569336,80.76000213623047,2.187999963760376,2.4688000679016113,2.4774999618530273
2024-07-17 00:00:00-04:00,85.08000183105469,82.8499984741211,2.0350000858306885,2.49399995803833,2.501300096511841
2024-07-18 00:00:00-04:00,85.11000061035156,82.81999969482422,2.125,2.486799955368042,2.516400098800659
2024-07-19 00:00:00-04:00,82.62999725341797,80.12999725341797,2.128000020980835,2.419100046157837,2.4504001140594482
2024-07-22 00:00:00-04:00,82.4000015258789,79.77999877929688,2.250999927520752,2.434799909591675,2.470599889755249
2024-07-23 00:00:00-04:00,81.01000213623047,76.95999908447266,2.187000036239624,2.409899950027466,2.414099931716919
2024-07-24 00:00:00-04:00,81.70999908447266,77.58999633789062,2.117000102996826,2.452399969100952,2.4514999389648438
2024-07-25 00:00:00-04:00,82.37000274658203,78.27999877929688,2.0409998893737793,2.4711999893188477,2.467600107192993
2024-07-26 00:00:00-04:00,81.12999725341797,77.16000366210938,2.00600004196167,2.4196999073028564,2.4605000019073486
2024-07-29 00:00:00-04:00,79.77999877929688,75.80999755859375,1.906999945640564,2.375,2.415299892425537
2024-07-30 00:00:00-04:00,78.62999725341797,74.7300033569336,2.125999927520752,2.3368000984191895,2.3870999813079834
2024-07-31 00:00:00-04:00,80.72000122070312,77.91000366210938,2.0360000133514404,2.4154999256134033,2.4820001125335693
2024-08-01 00:00:00-04:00,79.5199966430664,76.30999755859375,1.968000054359436,2.406399965286255,2.3980000019073486
2024-08-02 00:00:00-04:00,76.80999755859375,73.5199966430664,1.9670000076293945,2.31850004196167,2.3176000118255615
2024-08-05 00:00:00-04:00,76.30000305175781,72.94000244140625,1.9420000314712524,2.2985999584198,2.3336000442504883
2024-08-06 00:00:00-04:00,76.4800033569336,73.19999694824219,2.009999990463257,2.295799970626831,2.326200008392334
2024-08-07 00:00:00-04:00,78.33000183105469,75.2300033569336,2.111999988555908,2.355600118637085,2.357300043106079
2024-08-08 00:00:00-04:00,79.16000366210938,76.19000244140625,2.127000093460083,2.357800006866455,2.399199962615967
2024-08-09 00:00:00-04:00,79.66000366210938,76.83999633789062,2.1429998874664307,2.3396999835968018,2.3903000354766846
2024-08-12 00:00:00-04:00,82.30000305175781,80.05999755859375,2.188999891281128,2.4065001010894775,2.4428999423980713
2024-08-13 00:00:00-04:00,80.69000244140625,78.3499984741211,2.1480000019073486,2.38919997215271,2.3747000694274902
2024-08-14 00:00:00-04:00,79.76000213623047,76.9800033569336,2.2190001010894775,2.3682000637054443,2.3210999965667725
2024-08-15 00:00:00-04:00,81.04000091552734,78.16000366210938,2.197000026702881,2.3778998851776123,2.3580000400543213
2024-08-16 00:00:00-04:00,79.68000030517578,76.6500015258789,2.122999906539917,2.328700065612793,2.3101999759674072
2024-08-19 00:00:00-04:00,77.66000366210938,74.37000274658203,2.234999895095825,2.2634999752044678,2.2637999057769775
2024-08-20 00:00:00-04:00,77.19999694824219,74.04000091552734,2.197999954223633,2.263200044631958,2.2562999725341797
2024-08-21 00:00:00-04:00,76.05000305175781,71.93000030517578,2.177000045776367,2.2497000694274902,2.2049999237060547
2024-08-22 00:00:00-04:00,77.22000122070312,73.01000213623047,2.052999973297119,2.2634999752044678,2.2437000274658203
2024-08-23 00:00:00-04:00,79.0199966430664,74.83000183105469,2.0220000743865967,2.2997000217437744,2.285099983215332
2024-08-26 00:00:00-04:00,81.43000030517578,77.41999816894531,1.9559999704360962,2.3480000495910645,2.279900074005127
2024-08-27 00:00:00-04:00,79.55000305175781,75.52999877929688,1.9040000438690186,2.2862000465393066,2.2469000816345215
2024-08-28 00:00:00-04:00,78.6500015258789,74.5199966430664,1.9299999475479126,2.229099988937378,2.2147998809814453
2024-08-29 00:00:00-04:00,79.94000244140625,75.91000366210938,2.13700008392334,2.2839999198913574,2.2476999759674072
2024-08-30 00:00:00-04:00,78.80000305175781,73.55000305175781,2.127000093460083,2.251499891281128,2.211699962615967
2024-09-03 00:00:00-04:00,73.75,70.33999633789062,2.203000068664551,2.2060000896453857,1.9776999950408936
2024-09-04 00:00:00-04:00,72.69999694824219,69.19999694824219,2.1449999809265137,2.1575000286102295,1.9617999792099
2024-09-05 00:00:00-04:00,72.69000244140625,69.1500015258789,2.253999948501587,2.1689000129699707,1.9257999658584595
2024-09-06 00:00:00-04:00,71.05999755859375,67.66999816894531,2.2750000953674316,2.115000009536743,1.8960000276565552
2024-09-09 00:00:00-04:00,71.83999633789062,68.70999908447266,2.1700000762939453,2.139400005340576,1.9204000234603882
2024-09-10 00:00:00-04:00,69.19000244140625,65.75,2.2320001125335693,2.058000087738037,1.8700000047683716
2024-09-11 00:00:00-04:00,70.61000061035156,67.30999755859375,2.2699999809265137,2.0917000770568848,1.8971999883651733
2024-09-12 00:00:00-04:00,71.97000122070312,68.97000122070312,2.3570001125335693,2.118799924850464,1.9270000457763672
2024-09-13 00:00:00-04:00,71.61000061035156,68.6500015258789,2.305000066757202,2.0843000411987305,1.9301999807357788
2024-09-16 00:00:00-04:00,72.75,70.08999633789062,2.372999906539917,2.0968000888824463,1.9681999683380127
2024-09-17 00:00:00-04:00,73.69999694824219,71.19000244140625,2.3239998817443848,2.136699914932251,2.0018999576568604
2024-09-18 00:00:00-04:00,73.6500015258789,70.91000366210938,2.2839999198913574,2.1475000381469727,2.010699987411499
2024-09-19 00:00:00-04:00,74.87999725341797,71.94999694824219,2.3480000495910645,2.171999931335449,2.059999942779541
2024-09-20 00:00:00-04:00,74.48999786376953,71.91999816894531,2.434000015258789,2.1614999771118164,2.036400079727173
2024-09-23 00:00:00-04:00,73.9000015258789,70.37000274658203,2.61299991607666,2.1451001167297363,1.9902000427246094
2024-09-24 00:00:00-04:00,75.16999816894531,71.55999755859375,2.5510001182556152,2.180500030517578,2.0297000408172607
2024-09-25 00:00:00-04:00,73.45999908447266,69.69000244140625,2.63700008392334,2.1602001190185547,1.999899983406067
2024-09-26 00:00:00-04:00,71.5999984741211,67.66999816894531,2.5850000381469727,2.1361000537872314,1.961300015449524
2024-09-27 00:00:00-04:00,71.9800033569336,68.18000030517578,2.9019999504089355,2.132699966430664,1.9529999494552612
2024-09-30 00:00:00-04:00,71.7699966430664,68.16999816894531,2.9230000972747803,2.1317999362945557,1.9621000289916992
2024-10-01 00:00:00-04:00,73.55999755859375,69.83000183105469,2.8959999084472656,2.1742000579833984,1.966599941253662
2024-10-02 00:00:00-04:00,73.9000015258789,70.0999984741211,2.885999917984009,2.1821000576019287,1.9859000444412231
2024-10-03 00:00:00-04:00,77.62000274658203,73.70999908447266,2.9700000286102295,2.2946999073028564,2.092600107192993
2024-10-04 00:00:00-04:00,78.05000305175781,74.37999725341797,2.8540000915527344,2.312700033187866,2.0957999229431152
2024-10-07 00:00:00-04:00,80.93000030517578,77.13999938964844,2.746000051498413,2.396199941635132,2.1538000106811523
2024-10-08 00:00:00-04:00,77.18000030517578,73.56999969482422,2.7330000400543213,2.2971999645233154,2.0680999755859375
2024-10-09 00:00:00-04:00,76.58000183105469,73.23999786376953,2.6600000858306885,2.276900053024292,2.0664000511169434
2024-10-10 00:00:00-04:00,79.4000015258789,75.8499984741211,2.674999952316284,2.3508999347686768,2.150899887084961
2024-10-11 00:00:00-04:00,79.04000091552734,75.55999755859375,2.631999969482422,2.343899965286255,2.151599884033203
2024-10-14 00:00:00-04:00,77.45999908447266,73.83000183105469,2.49399995803833,2.274199962615967,2.108599901199341
2024-10-15 00:00:00-04:00,74.25,70.58000183105469,2.497999906539917,2.187700033187866,2.0376999378204346
2024-10-16 00:00:00-04:00,74.22000122070312,70.38999938964844,2.367000102996826,2.1747000217437744,2.040299892425537
2024-10-17 00:00:00-04:00,74.44999694824219,70.66999816894531,2.3469998836517334,2.194499969482422,2.046799898147583
2024-10-18 00:00:00-04:00,73.05999755859375,69.22000122070312,2.257999897003174,2.1521999835968018,2.002000093460083
2024-10-21 00:00:00-04:00,74.29000091552734,70.55999755859375,2.312000036239624,2.183300018310547,2.014699935913086
2024-10-22 00:00:00-04:00,76.04000091552734,72.08999633789062,2.311000108718872,2.236999988555908,2.071500062942505
2024-10-23 00:00:00-04:00,74.95999908447266,70.7699966430664,2.3420000076293945,2.22160005569458,2.0413999557495117
2024-10-24 00:00:00-04:00,74.37999725341797,70.19000244140625,2.5220000743865967,2.2023000717163086,2.0276999473571777
2024-10-25 00:00:00-04:00,76.05000305175781,71.77999877929688,2.559999942779541,2.238100051879883,2.0785000324249268
2024-10-28 00:00:00-04:00,71.41999816894531,67.37999725341797,2.309000015258789,2.1285998821258545,1.9664000272750854
2024-10-29 00:00:00-04:00,71.12000274658203,67.20999908447266,2.3459999561309814,2.133699893951416,1.951799988746643
2024-10-30 00:00:00-04:00,72.55000305175781,68.61000061035156,2.8450000286102295,2.1875998973846436,1.9957000017166138
2024-10-31 00:00:00-04:00,73.16000366210938,69.26000213623047,2.7070000171661377,2.2195000648498535,2.003499984741211
2024-11-01 00:00:00-04:00,73.0999984741211,69.48999786376953,2.6630001068115234,2.2342000007629395,1.9665000438690186
2024-11-04 00:00:00-05:00,75.08000183105469,71.47000122070312,2.7809998989105225,2.28410005569458,2.019200086593628
2024-11-05 00:00:00-05:00,75.52999877929688,71.98999786376953,2.6700000762939453,2.3041999340057373,2.044600009918213
2024-11-06 00:00:00-05:00,74.91999816894531,71.69000244140625,2.746999979019165,2.2699999809265137,2.035399913787842
2024-11-07 00:00:00-05:00,75.62999725341797,72.36000061035156,2.693000078201294,2.286400079727173,2.0536000728607178
2024-11-08 00:00:00-05:00,73.87000274658203,70.37999725341797,2.6689999103546143,2.2388999462127686,2.012500047683716
2024-11-11 00:00:00-05:00,71.83000183105469,68.04000091552734,2.9200000762939453,2.1975998878479004,1.9570000171661377
2024-11-12 00:00:00-05:00,71.88999938964844,68.12000274658203,2.9070000648498535,2.2107999324798584,1.9643000364303589
2024-11-13 00:00:00-05:00,72.27999877929688,68.43000030517578,2.9830000400543213,2.2193000316619873,1.9651000499725342
2024-11-14 00:00:00-05:00,72.55999755859375,68.69999694824219,2.7850000858306885,2.2123000621795654,1.9816999435424805
2024-11-15 00:00:00-05:00,71.04000091552734,67.0199966430664,2.822999954223633,2.1709001064300537,1.9493000507354736
2024-11-18 00:00:00-05:00,73.30000305175781,69.16000366210938,2.9730000495910645,2.2513999938964844,2.0183000564575195
2024-11-19 00:00:00-05:00,73.30999755859375,69.38999938964844,2.997999906539917,2.2402000427246094,2.0376999378204346
2024-11-20 00:00:00-05:00,72.80999755859375,68.87000274658203,3.193000078201294,2.226300001144409,2.045799970626831
2024-11-21 00:00:00-05:00,74.2300033569336,70.0999984741211,3.3389999866485596,2.274399995803833,2.0594000816345215
2024-11-22 00:00:00-05:00,75.16999816894531,71.23999786376953,3.128999948501587,2.274899959564209,2.0613999366760254
2024-11-25 00:00:00-05:00,73.01000213623047,68.94000244140625,3.36899995803833,2.235300064086914,2.000499963760376
2024-11-26 00:00:00-05:00,72.80999755859375,68.7699966430664,3.430999994277954,2.2404000759124756,1.9917999505996704
2024-11-27 00:00:00-05:00,72.83000183105469,68.72000122070312,3.2039999961853027,2.2035999298095703,1.9733999967575073
2024-11-29 00:00:00-05:00,72.94000244140625,68.0,3.36299991607666,2.193000078201294,1.9436999559402466
2024-12-02 00:00:00-05:00,71.83000183105469,68.0999984741211,3.2130000591278076,2.1777000427246094,1.917199969291687
2024-12-03 00:00:00-05:00,73.62000274658203,69.94000244140625,3.0420000553131104,2.2177000045776367,1.962399959564209
2024-12-04 00:00:00-05:00,72.30999755859375,68.54000091552734,3.0429999828338623,2.1673998832702637,1.9391000270843506
2024-12-05 00:00:00-05:00,72.08999633789062,68.30000305175781,3.0789999961853027,2.1556999683380127,1.9325000047683716
2024-12-06 00:00:00-05:00,71.12000274658203,67.19999694824219,3.0759999752044678,2.1326000690460205,1.9062000513076782
2024-12-09 00:00:00-05:00,72.13999938964844,68.37000274658203,3.181999921798706,2.183500051498413,1.9524999856948853
2024-12-10 00:00:00-05:00,72.19000244140625,68.58999633789062,3.1630001068115234,2.1861000061035156,1.9567999839782715
2024-12-11 00:00:00-05:00,73.5199966430664,70.29000091552734,3.378000020980835,2.223299980163574,1.98580002784729
2024-12-12 00:00:00-05:00,73.41000366210938,70.0199966430664,3.4549999237060547,2.236599922180176,1.9884999990463257
2024-12-13 00:00:00-05:00,74.48999786376953,71.29000091552734,3.2799999713897705,2.2699999809265137,2.001800060272217
2024-12-16 00:00:00-05:00,73.91000366210938,70.70999908447266,3.2139999866485596,2.2639999389648438,1.9757000207901
2024-12-17 00:00:00-05:00,73.19000244140625,70.08000183105469,3.308000087738037,2.2279000282287598,1.9438999891281128
2024-12-18 00:00:00-05:00,73.38999938964844,70.58000183105469,3.374000072479248,2.255000114440918,1.9428000450134277
2024-12-19 00:00:00-05:00,72.87999725341797,69.91000366210938,3.5840001106262207,2.2376999855041504,1.9227999448776245
2024-12-20 00:00:00-05:00,72.94000244140625,69.45999908447266,3.747999906539917,2.2316999435424805,1.94159996509552
2024-12-23 00:00:00-05:00,72.62999725341797,69.23999786376953,3.6559998989105225,2.226300001144409,1.9383000135421753
2024-12-24 00:00:00-05:00,73.58000183105469,70.0999984741211,3.946000099182129,2.2214999198913574,1.958899974822998
2024-12-26 00:00:00-05:00,73.26000213623047,69.62000274658203,3.7149999141693115,2.2053000926971436,1.9457999467849731
2024-12-27 00:00:00-05:00,74.16999816894531,70.5999984741211,3.5139999389648438,2.244800090789795,1.9581999778747559
2024-12-30 00:00:00-05:00,74.38999938964844,70.98999786376953,3.936000108718872,2.299499988555908,1.9763000011444092
2024-12-31 00:00:00-05:00,74.63999938964844,71.72000122070312,3.632999897003174,2.3206000328063965,2.001499891281128
2025-01-02 00:00:00-05:00,75.93000030517578,73.12999725341797,3.6600000858306885,2.3540000915527344,2.0518999099731445
2025-01-03 00:00:00-05:00,76.51000213623047,73.95999908447266,3.3540000915527344,2.3478000164031982,2.0536999702453613
2025-01-06 00:00:00-05:00,76.30000305175781,73.55999755859375,3.671999931335449,2.3552000522613525,2.0355000495910645
2025-01-07 00:00:00-05:00,77.05000305175781,74.25,3.4489998817443848,2.366300106048584,2.026599884033203
2025-01-08 00:00:00-05:00,76.16000366210938,73.31999969482422,3.6510000228881836,2.3506999015808105,2.010200023651123
2025-01-09 00:00:00-05:00,76.91999816894531,73.91999816894531,3.7009999752044678,2.378200054168701,2.0283000469207764
2025-01-10 00:00:00-05:00,79.76000213623047,76.56999969482422,3.989000082015991,2.501699924468994,2.074899911880493
2025-01-13 00:00:00-05:00,81.01000213623047,78.81999969482422,3.934000015258789,2.5332999229431152,2.1003000736236572
2025-01-14 00:00:00-05:00,79.91999816894531,77.5,3.9679999351501465,2.5253000259399414,2.104599952697754
2025-01-15 00:00:00-05:00,82.02999877929688,80.04000091552734,4.083000183105469,2.6135001182556152,2.158900022506714
2025-01-16 00:00:00-05:00,81.29000091552734,78.68000030517578,4.257999897003174,2.6171998977661133,2.123199939727783
2025-01-17 00:00:00-05:00,80.79000091552734,77.87999725341797,3.947999954223633,2.621000051498413,2.1122000217437744
2025-01-20 00:00:00-05:00,79.94000244140625,76.88999938964844,3.8299999237060547,2.6010000705718994,2.1080000400543213
2025-01-21 00:00:00-05:00,79.29000091552734,75.88999938964844,3.75600004196167,2.5580999851226807,2.0843000411987305
2025-01-22 00:00:00-05:00,79.0,75.44000244140625,3.9600000381469727,2.4842000007629395,2.057800054550171
2025-01-23 00:00:00-05:00,78.29000091552734,74.62000274658203,3.944999933242798,2.4714999198913574,2.0655999183654785
2025-01-24 00:00:00-05:00,78.5,74.66000366210938,4.0269999504089355,2.516200065612793,2.0490000247955322
2025-01-27 00:00:00-05:00,77.08000183105469,73.16999816894531,3.697000026702881,2.4600000381469727,2.0281999111175537
2025-01-28 00:00:00-05:00,77.48999786376953,73.7699966430664,3.4709999561309814,2.4500999450683594,2.0525999069213867
2025-01-29 00:00:00-05:00,76.58000183105469,72.62000274658203,3.5350000858306885,2.4539999961853027,2.0357000827789307
2025-01-30 00:00:00-05:00,76.87000274658203,72.7300033569336,3.046999931335449,2.475399971008301,2.037400007247925
2025-01-31 00:00:00-05:00,76.76000213623047,72.52999877929688,3.0439999103546143,2.484499931335449,2.0364999771118164
2025-02-03 00:00:00-05:00,75.95999908447266,73.16000366210938,3.3519999980926514,2.463099956512451,2.1177000999450684
2025-02-04 00:00:00-05:00,76.19999694824219,72.69999694824219,3.253000020980835,2.429800033569336,2.0989999771118164
2025-02-05 00:00:00-05:00,74.61000061035156,71.02999877929688,3.359999895095825,2.384200096130371,2.0506999492645264
2025-02-06 00:00:00-05:00,74.29000091552734,70.61000061035156,3.4079999923706055,2.3980000019073486,2.074700117111206
2025-02-07 00:00:00-05:00,74.66000366210938,71.0,3.309000015258789,2.430799961090088,2.1050000190734863
